Workbook

Sheet original_data
A1: store_id | B1: month | C1: region | D1: store_type | E1: marketing_spend | F1: footfall | G1: avg_discount_pct | H1: staff_count | I1: inventory_availability_pct | J1: competitor_distance_km | K1: holiday_flag | L1: customer_rating | M1: monthly_sales | N1: monthly_profit
A2: STR-1001 | B2: 45658 | C2: East | D2: Residential | E2: 70389.11 | F2: 8302 | G2: 0.042 | H2: 17 | I2: 75 | J2: 5.28 | K2: 1 | L2: 3.1 | M2: 658832.62 | N2: 84349.93
A3: STR-1001 | B3: 45689 | C3: East | D3: Residential | E3: 43827.89 | F3: 8487 | G3: 0.168 | H3: 23 | I3: 84.4 | J3: 4.31 | K3: 0 | L3: 2.8 | M3: 634436 | N3: 106130.54
A4: STR-1001 | B4: 45717 | C4: East | D4: Residential | E4: 59921.75 | F4: 9113 | G4: 0.133 | H4: 20 | I4: 88 | J4: 12 | K4: 0 | L4: 3.2 | M4: 678722.06 | N4: 101883.86
A5: STR-1001 | B5: 45748 | C5: East | D5: Residential | E5: 56856.63 | F5: 9431 | G5: 0.142 | H5: 23 | I5: 86.9 | J5: 4.97 | K5: 0 | L5: 3.4 | M5: 658920.3 | N5: 97910.37
A6: STR-1002 | B6: 45658 | C6: East | D6: High Street | E6: 48412.64 | F6: 9545 | G6: 0.231 | H6: 21 | I6: 97.6 | J6: 6.94 | K6: 1 | L6: 4.2 | M6: 741341.44 | N6: 119208.17
A7: STR-1002 | B7: 45689 | C7: East | D7: High Street | E7: 64811.21 | F7: 9792 | G7: 0.112 | H7: 20 | I7: 84.2 | J7: 2.88 | K7: 0 | L7: 4.2 | M7: 761835.34 | N7: 149602.23
A8: STR-1002 | B8: 45717 | C8: East | D8: High Street | E8: 46213.45 | F8: 10616 | G8: 0.122 | H8: 22 | I8: 85.2 | J8: 0.2 | K8: 1 | L8: 4.1 | M8: 806615.54 | N8: 131364.62
A9: STR-1002 | B9: 45748 | C9: East | D9: High Street | E9: 68148.52 | F9: 8567 | G9: 0.127 | H9: 23 | I9: 95.6 | J9: 0.8 | K9: 0 | L9: 3.9 | M9: 850164.26 | N9: 149262.75
A10: STR-1003 | B10: 45658 | C10: North | D10: Airport | E10: 71838.86 | F10: 10979 | G10: 0.215 | H10: 26 | I10: 88.6 | J10: 7.7 | K10: 1 | L10: 3.8 | M10: 930581.7 | N10: 136207.98
A11: STR-1003 | B11: 45689 | C11: North | D11: Airport | E11: 68133.44 | F11: 9459 | G11: 0.22 | H11: 21 | I11: 85 | J11: 1.91 | K11: 0 | L11: 4.2 | M11: 779010.94 | N11: 106328.09
A12: STR-1003 | B12: 45717 | C12: North | D12: Airport | E12: 34285.21 | F12: 9172 | G12: 0.213 | H12: 22 | I12: 88.3 | J12: 10.46 | K12: 1 | L12: 3.8 | M12: 723060.76 | N12: 123131.24
A13: STR-1003 | B13: 45748 | C13: North | D13: Airport | E13: 67979.88 | F13: 11230 | G13: 0.002 | H13: 28 | I13: 85.3 | J13: 7.16 | K13: 0 | L13: 3.8 | M13: 910791.94 | N13: 158891.28
... A34: STR-1009 | B34: 45658 | C34: North | D34: Residential | E34: 54597.83 | F34: 9429 | G34: 0.188 | H34: 21 | I34: 83.3 | J34: 11.71 | K34: 0 | L34: 4.2 | M34: 641865.03 | N34: 81342.58
A35: STR-1009 | B35: 45689 | C35: North | D35: Residential | E35: 73771.91 | F35: 11695 | G35: 0.07 | H35: 25 | I35: 84.7 | J35: 0.62 | K35: 0 | M35: 799477.76 | N35: 164974.41
A36: STR-1009 | B36: 45717 | C36: North | D36: Residential | E36: 74413.88 | F36: 9449 | G36: 0.039 | H36: 23 | I36: 92.1 | J36: 2.12 | K36: 0 | L36: 3.5 | M36: 798952.17 | N36: 161499.04
A37: STR-1009 | B37: 45748 | C37: North | D37: Residential | E37: 52483.77 | F37: 10453 | G37: 0.247 | H37: 25 | I37: 99 | J37: 6.31 | K37: 0 | L37: 3.6 | M37: 800979.78 | N37: 149242.27
A38: STR-1010 | B38: 45658 | C38: North | D38: Mall | E38: 75269.87 | F38: 8838 | G38: 0.092 | H38: 21 | I38: 83.1 | J38: 9.56 | K38: 1 | L38: 4.2 | M38: 820593.93 | N38: 115860.06
A39: STR-1010 | B39: 45689 | C39: North | D39: Mall | E39: 61245.41 | F39: 8156 | G39: 0.156 | H39: 19 | I39: 92.9 | J39: 9.05 | K39: 0 | L39: 3.8 | M39: 718330.53 | N39: 93247.9
A40: STR-1010 | B40: 45717 | C40: North | D40: Mall | E40: 93381.26 | F40: 7562 | G40: 0.198 | H40: 19 | I40: 82.9 | J40: 5.05 | K40: 0 | L40: 4 | M40: 736633.4 | N40: 115654.66
A41: STR-1010 | B41: 45748 | C41: North | D41: Mall | E41: 65012.19 | F41: 9598 | G41: 0.085 | H41: 24 | I41: 98.3 | J41: 0.89 | K41: 0 | L41: 3.8 | M41: 828623.85 | N41: 167320.52
A42: STR-1011 | B42: 45658 | C42: East | D42: Mall | E42: 40462.94 | F42: 3660 | G42: 0.218 | H42: 11 | I42: 95.2 | J42: 5.57 | K42: 0 | L42: 4.4 | M42: 592195.85 | N42: 92291.56
A43: STR-1011 | B43: 45689 | C43: East | D43: Mall | E43: 46123.88 | F43: 3227 | G43: 0.143 | H43: 10 | I43: 75.4 | J43: 1.06 | K43: 0 | L43: 4.4 | M43: 532644.46 | N43: 60681.32
A44: STR-1011 | B44: 45717 | C44: East | D44: Mall | E44: 68077.54 | F44: 3360 | G44: 0.128 | H44: 14 | I44: 88.2 | J44: 1.24 | K44: 1 | L44: 4 | M44: 657429.18 | N44: 88919.74
A45: STR-1011 | B45: 45748 | C45: East | D45: Mall | E45: 64882.14 | F45: 3642 | G45: 0.019 | H45: 13 | I45: 87.8 | J45: 4.52 | K45: 0 | L45: 4.2 | M45: 605178 | N45: 106958.74
A46: STR-1012 | B46: 45658 | C46: West | D46: Residential | E46: 138855.51 | F46: 5145 | G46: 0.06 | H46: 17 | I46: 88.2 | J46: 9.58 | K46: 0 | L46: 3.2 | M46: 595467.6 | N46: 104276.46
A47: STR-1012 | B47: 45689 | C47: West | D47: Residential | E47: 63630.21 | F47: 4460 | G47: 0.235 | H47: 14 | I47: 98.6 | J47: 5.52 | K47: 0 | L47: 3.5 | M47: 599603.4 | N47: 112685.12
... A72: STR-1018 | B72: 45717 | C72: East | D72: High Street | E72: 60571.82 | F72: 3193 | G72: 0.197 | H72: 7 | I72: 99 | J72: 1.43 | K72: 0 | L72: 3.2 | M72: 605023.87 | N72: 98545.81
A73: STR-1018 | B73: 45748 | C73: East | D73: High Street | E73: 55081.16 | F73: 5485 | G73: 0.036 | H73: 12 | I73: 88 | K73: 0 | L73: 3.5 | M73: 674774.09 | N73: 141917.59
A74: STR-1019 | B74: 45658 | C74: East | D74: Residential | E74: 46201.46 | F74: 5918 | G74: 0.277 | H74: 13 | I74: 78.8 | J74: 4.91 | K74: 0 | L74: 4.5 | M74: 616069.41 | N74: 54453.99
A75: STR-1019 | B75: 45689 | C75: East | D75: Residential | E75: 53762.92 | F75: 6821 | G75: 0.066 | H75: 19 | I75: 94.6 | J75: 7.03 | K75: 0 | L75: 4.4 | M75: 630829.94 | N75: 117090.02
A76: STR-1019 | B76: 45717 | C76: East | D76: Residential | E76: 70144.78 | F76: 6806 | G76: 0.178 | H76: 20 | I76: 93.1 | J76: 0.28 | K76: 1 | L76: 4.3 | M76: 788087.68 | N76: 116803.42
A77: STR-1019 | B77: 45748 | C77: East | D77: Residential | E77: 58749.63 | F77: 8252 | G77: 0.203 | H77: 20 | I77: 85.2 | J77: 3.61 | K77: 0 | L77: 4.5 | M77: 680840.36 | N77: 68007.68
A78: STR-1020 | B78: 45658 | C78: South | D78: High Street | E78: 56973.18 | F78: 6662 | G78: 0.1 | H78: 15 | I78: 77.7 | J78: 7.52 | K78: 1 | L78: 3.2 | M78: 643657.47 | N78: 87022.45
A79: STR-1020 | B79: 45689 | C79: South | D79: High Street | E79: 54872.82 | F79: 5962 | G79: 0.064 | H79: 12 | I79: 85.4 | J79: 2.58 | K79: 0 | L79: 2.9 | M79: 691112.6 | N79: 109212.83
A80: STR-1020 | B80: 45717 | C80: South | D80: High Street | E80: 80562.81 | F80: 7470 | G80: 0.172 | H80: 16 | I80: 83.5 | J80: 2.29 | K80: 0 | L80: 3.3 | M80: 776922.17 | N80: 150701.93
A81: STR-1020 | B81: 45748 | C81: South | D81: High Street | E81: 77999.9 | F81: 5974 | G81: 0.252 | H81: 14 | I81: 81.3 | J81: 2.39 | K81: 0 | L81: 3.2 | M81: 636561.34 | N81: 93861.06
A82: STR-1021 | B82: 45658 | C82: West | D82: Mall | E82: 60881.01 | F82: 5410 | G82: 0.179 | H82: 15 | I82: 83.9 | J82: 5.24 | K82: 0 | L82: 4.6 | M82: 621369.58 | N82: 85493.64
A83: STR-1021 | B83: 45689 | C83: West | D83: Mall | E83: 60628.38 | F83: 4451 | G83: 0.095 | H83: 10 | I83: 89.6 | J83: 3.17 | K83: 0 | L83: 4.6 | M83: 682208.01 | N83: 110318.84
A84: STR-1021 | B84: 45717 | C84: West | D84: Mall | E84: 72731.14 | F84: 4644 | G84: 0.084 | H84: 15 | I84: 87.1 | J84: 2.66 | K84: 0 | L84: 4.6 | M84: 727241.86 | N84: 155810.3
A85: STR-1021 | B85: 45748 | C85: West | D85: Mall | E85: 36475.71 | F85: 3559 | G85: 0.03 | H85: 8 | I85: 83.6 | J85: 1.41 | K85: 0 | L85: 4.2 | M85: 569100.78 | N85: 104808.78
A86: STR-1022 | B86: 45658 | C86: West | D86: High Street | E86: 55388.11 | F86: 3091 | G86: 0.108 | H86: 7 | I86: 85.4 | J86: 7.34 | K86: 0 | L86: 4.9 | M86: 574436.29 | N86: 80271.99
A87: STR-1022 | B87: 45689 | C87: West | D87: High Street | E87: 88443.77 | F87: 4004 | G87: 0.206 | H87: 11 | I87: 91.9 | J87: 5.95 | K87: 0 | M87: 611766.72 | N87: 88275.61
A88: STR-1022 | B88: 45717 | C88: West | D88: High Street | E88: 78231.91 | F88: 3788 | G88: 0.059 | H88: 11 | I88: 88.5 | J88: 15.51 | K88: 0 | L88: 4.3 | M88: 614596.32 | N88: 131199.41
A89: STR-1022 | B89: 45748 | C89: West | D89: High Street | E89: 18996.32 | F89: 1260 | G89: 0.145 | H89: 9 | I89: 86.4 | J89: 4.31 | K89: 0 | L89: 4.6 | M89: 450711.92 | N89: 90043.76
A90: STR-1023 | B90: 45658 | C90: South | D90: Mall | E90: 50517.94 | F90: 7024 | G90: 0.029 | H90: 18 | I90: 79.2 | J90: 6.61 | K90: 1 | L90: 4.1 | M90: 711213.46 | N90: 105863.26
A91: STR-1023 | B91: 45689 | C91: South | D91: Mall | E91: 141540.29 | F91: 5400 | G91: 0.013 | H91: 12 | I91: 87 | J91: 4.26 | K91: 0 | L91: 4.5 | M91: 627171.9 | N91: 105772.75
A92: STR-1023 | B92: 45717 | C92: South | D92: Mall | E92: 82116.19 | F92: 5988 | G92: 0.04 | H92: 17 | I92: 91.8 | J92: 5.75 | K92: 0 | L92: 4.7 | M92: 739852.58 | N92: 129386.43
A93: STR-1023 | B93: 45748 | C93: South | D93: Mall | E93: 31207.51 | F93: 3701 | G93: 0.043 | H93: 11 | I93: 84.7 | J93: 0.33 | K93: 0 | L93: 4.3 | M93: 586307.22 | N93: 73927.85
A94: STR-1024 | B94: 45658 | C94: West | D94: Residential | E94: 38966.59 | F94: 4509 | G94: 0.194 | H94: 14 | I94: 91.1 | J94: 2.92 | K94: 0 | L94: 4.6 | M94: 585937.48 | N94: 82624.2
A95: STR-1024 | B95: 45689 | C95: West | D95: Residential | E95: 67439.3 | F95: 6477 | G95: 0 | H95: 16 | I95: 90.9 | J95: 1.64 | K95: 0 | L95: 4.5 | M95: 753473.55 | N95: 151527.22
A96: STR-1024 | B96: 45717 | C96: West | D96: Residential | E96: 86421.88 | F96: 7970 | G96: 0.073 | H96: 17 | I96: 91.3 | J96: 0.8 | K96: 0 | L96: 5 | M96: 838250.32 | N96: 122939.34
A97: STR-1024 | B97: 45748 | C97: West | D97: Residential | E97: 9534.65 | F97: 6057 | G97: 0.074 | H97: 15 | I97: 94.1 | J97: 5.79 | K97: 0 | L97: 4.5 | M97: 607898.12 | N97: 135404.85
A98: STR-1025 | B98: 45658 | C98: West | D98: Mall | E98: 61132.07 | F98: 6394 | G98: 0.163 | H98: 19 | I98: 91 | J98: 19.6 | K98: 0 | L98: 4.4 | M98: 691113.62 | N98: 135145.44
A99: STR-1025 | B99: 45689 | C99: West | D99: Mall | E99: 78839.39 | F99: 5150 | G99: 0.171 | H99: 13 | I99: 85.8 | J99: 7.57 | K99: 0 | L99: 4.3 | M99: 735509.4 | N99: 83895.96
A100: STR-1025 | B100: 45717 | C100: West | D100: Mall | E100: 38752.8 | F100: 4712 | G100: 0.075 | H100: 15 | I100: 89.7 | K100: 0 | L100: 4.3 | M100: 605775.33 | N100: 107194.6
A101: STR-1025 | B101: 45748 | C101: West | D101: Mall | E101: 55101.1 | F101: 5281 | G101: 0.189 | H101: 11 | I101: 91 | J101: 2.7 | K101: 0 | L101: 4.4 | M101: 675177.68 | N101: 105628.68
A102: STR-1026 | B102: 45658 | C102: East | D102: Mall | E102: 53084.76 | F102: 3642 | G102: 0.15 | H102: 12 | I102: 91.4 | J102: 0.2 | K102: 0 | L102: 4.4 | M102: 635181.35 | N102: 83341.25
A103: STR-1026 | B103: 45689 | C103: East | D103: Mall | E103: 63101.59 | F103: 4373 | G103: 0.173 | H103: 14 | I103: 90.4 | J103: 7.87 | K103: 0 | L103: 4.7 | M103: 586626.94 | N103: 86498.55
A104: STR-1026 | B104: 45717 | C104: East | D104: Mall | E104: 90084.4 | F104: 6832 | G104: 0.185 | H104: 14 | I104: 80.5 | J104: 0.77 | K104: 1 | L104: 4.4 | M104: 740102.64 | N104: 114299.07
A105: STR-1026 | B105: 45748 | C105: East | D105: Mall | E105: 32266.64 | F105: 2414 | G105: 0.08 | H105: 7 | I105: 92.1 | J105: 1.48 | K105: 0 | L105: 5 | M105: 625514.04 | N105: 120685.08
A106: STR-1027 | B106: 45658 | C106: West | D106: High Street | E106: 57919.07 | F106: 7374 | G106: 0.103 | H106: 21 | I106: 82.3 | J106: 2.87 | K106: 0 | L106: 2.9 | M106: 727227.2 | N106: 121292.01
A107: STR-1027 | B107: 45689 | C107: West | D107: High Street | E107: 74679.35 | F107: 8739 | G107: 0.056 | H107: 21 | I107: 91.8 | J107: 2.83 | K107: 0 | L107: 3 | M107: 783797.89 | N107: 157620.7
A108: STR-1027 | B108: 45717 | C108: West | D108: High Street | E108: 64294.23 | F108: 6992 | G108: 0.133 | H108: 14 | I108: 94.1 | J108: 0.25 | K108: 0 | L108: 3 | M108: 795153.84 | N108: 143194.21
A109: STR-1027 | B109: 45748 | C109: West | D109: High Street | E109: 31042.03 | F109: 7107 | G109: 0.051 | H109: 15 | I109: 87 | J109: 13.33 | K109: 0 | L109: 3.2 | M109: 665594.94 | N109: 127597.34
A110: STR-1028 | B110: 45658 | C110: East | D110: Mall | E110: 75265.02 | F110: 6975 | G110: 0.157 | H110: 20 | I110: 73.8 | J110: 6.35 | K110: 1 | L110: 3.8 | M110: 709478.39 | N110: 71294.27
A111: STR-1028 | B111: 45689 | C111: East | D111: Mall | E111: 69411.7 | F111: 5493 | G111: 0.292 | H111: 13 | I111: 86.5 | J111: 6.69 | K111: 0 | L111: 3.8 | M111: 664162.49 | N111: 98291.06
A112: STR-1028 | B112: 45717 | C112: East | D112: Mall | E112: 51056.15 | F112: 5686 | G112: 0.089 | H112: 13 | I112: 89.9 | J112: 1.28 | K112: 0 | L112: 4.2 | M112: 633494.21 | N112: 105739.47
... A134: STR-1034 | B134: 45658 | C134: North | D134: High Street | E134: 70276.28 | F134: 3043 | G134: 0.079 | H134: 9 | I134: 87.9 | J134: 3.77 | K134: 0 | L134: 4.4 | M134: 527300.13 | N134: 84197.87
A135: STR-1034 | B135: 45689 | C135: North | D135: High Street | E135: 22071.64 | F135: 1814 | G135: 0.196 | H135: 8 | I135: 81.1 | J135: 0.78 | K135: 0 | M135: 400831.65 | N135: 70979.31
A136: STR-1034 | B136: 45717 | C136: North | D136: High Street | E136: 52285.45 | F136: 3618 | G136: 0.086 | H136: 11 | I136: 95.6 | J136: 5.17 | K136: 1 | L136: 4.4 | M136: 593247.25 | N136: 81240.29
A137: STR-1034 | B137: 45748 | C137: North | D137: High Street | E137: 70366.76 | F137: 1963 | G137: 0.182 | H137: 8 | I137: 89.8 | J137: 3.2 | K137: 0 | L137: 4.6 | M137: 529075.95 | N137: 95978.83
A138: STR-1035 | B138: 45658 | C138: South | D138: Residential | E138: 71320.66 | F138: 7888 | G138: 0.048 | H138: 20 | I138: 78.1 | J138: 3.4 | K138: 0 | M138: 633638.03 | N138: 99402.01
A139: STR-1035 | B139: 45689 | C139: South | D139: Residential | E139: 75109.67 | F139: 6244 | G139: 0.079 | H139: 15 | I139: 96.3 | J139: 7.38 | K139: 0 | L139: 3.7 | M139: 743348.84 | N139: 104186.09
A140: STR-1035 | B140: 45717 | C140: South | D140: Residential | E140: 69779 | F140: 6544 | G140: 0.152 | H140: 18 | I140: 90.2 | J140: 0.85 | K140: 1 | L140: 3.3 | M140: 758827.64 | N140: 161439.48
A141: STR-1035 | B141: 45748 | C141: South | D141: Residential | E141: 44211.95 | F141: 5465 | G141: 0.187 | H141: 12 | I141: 90 | J141: 2.89 | K141: 0 | L141: 3.6 | M141: 646559.71 | N141: 97981.75
A142: STR-1036 | B142: 45658 | C142: West | D142: High Street | E142: 51430.31 | F142: 6427 | G142: 0.234 | H142: 14 | I142: 88.8 | J142: 0.77 | K142: 0 | L142: 4.1 | M142: 715890.53 | N142: 109032.15
A143: STR-1036 | B143: 45689 | C143: West | D143: High Street | E143: 45706.49 | F143: 6704 | G143: 0.038 | H143: 15 | I143: 94.2 | J143: 2.92 | K143: 0 | L143: 4.2 | M143: 715097.57 | N143: 151875.86
A144: STR-1036 | B144: 45717 | C144: West | D144: High Street | E144: 44034.6 | F144: 5645 | G144: 0.069 | H144: 18 | I144: 88.5 | J144: 3.07 | K144: 0 | L144: 3.8 | M144: 682639.28 | N144: 77557.53
A145: STR-1036 | B145: 45748 | C145: West | D145: High Street | E145: 50198.12 | F145: 6089 | G145: 0.182 | H145: 19 | I145: 94 | J145: 9.7 | K145: 0 | L145: 3.9 | M145: 695098.51 | N145: 108192.75
A146: STR-1037 | B146: 45658 | C146: North | D146: Residential | E146: 70488.2 | F146: 4312 | G146: 0.169 | H146: 12 | I146: 90.2 | J146: 3.71 | K146: 0 | L146: 3.2 | M146: 577732.57 | N146: 93804.27
A147: STR-1037 | B147: 45689 | C147: North | D147: Residential | E147: 50909.27 | F147: 3152 | G147: 0.06 | H147: 13 | I147: 93.7 | J147: 10.79 | K147: 0 | L147: 3.5 | M147: 537058.33 | N147: 93555.71
A148: STR-1037 | B148: 45717 | C148: North | D148: Residential | E148: 53351.7 | F148: 4259 | G148: 0.156 | H148: 15 | I148: 93.7 | J148: 6.03 | K148: 0 | L148: 3.4 | M148: 601568.87 | N148: 91634.82
A149: STR-1037 | B149: 45748 | C149: North | D149: Residential | E149: 60322.4 | F149: 3350 | G149: 0.108 | H149: 12 | I149: 89.4 | J149: 4.92 | K149: 0 | L149: 3.4 | M149: 570964.84 | N149: 81331.07
A150: STR-1038 | B150: 45658 | C150: South | D150: Mall | E150: 51575.68 | F150: 5329 | G150: 0.047 | H150: 17 | I150: 88.1 | J150: 19.78 | K150: 0 | L150: 3.8 | M150: 614024.91 | N150: 84828.93
... A163: STR-1041 | B163: 45689 | C163: South | D163: High Street | E163: 48438.85 | F163: 6992 | G163: 0.034 | H163: 20 | I163: 91 | J163: 4.36 | K163: 0 | L163: 4.2 | M163: 778298.88 | N163: 130076.72
A164: STR-1041 | B164: 45717 | C164: South | D164: High Street | E164: 57143.3 | F164: 8038 | G164: 0.193 | H164: 17 | I164: 72.6 | K164: 0 | L164: 4.2 | M164: 677096.71 | N164: 97174.11
A165: STR-1041 | B165: 45748 | C165: South | D165: High Street | E165: 66870.62 | F165: 6055 | G165: 0.075 | H165: 19 | I165: 93.8 | J165: 0.54 | K165: 0 | L165: 4.3 | M165: 692008.64 | N165: 116337.87
A166: STR-1042 | B166: 45658 | C166: North | D166: Mall | E166: 72150.53 | F166: 9323 | G166: 0.157 | H166: 22 | I166: 82.9 | J166: 11.37 | K166: 1 | L166: 4.3 | M166: 825797.91 | N166: 130945.24
A167: STR-1042 | B167: 45689 | C167: North | D167: Mall | E167: 35303.3 | F167: 8789 | G167: 0.123 | H167: 22 | I167: 86.1 | J167: 9.43 | K167: 0 | L167: 4.2 | M167: 706285.52 | N167: 138014.72
A168: STR-1042 | B168: 45717 | C168: North | D168: Mall | E168: 30301.86 | F168: 6939 | G168: 0.09 | H168: 16 | I168: 90.3 | J168: 3.49 | K168: 0 | L168: 4 | M168: 665534.7 | N168: 113167.73
A169: STR-1042 | B169: 45748 | C169: North | D169: Mall | E169: 78432.14 | F169: 9440 | G169: 0.126 | H169: 23 | I169: 89.2 | J169: 7.86 | K169: 0 | L169: 4.1 | M169: 820729.29 | N169: 159325.47
A170: STR-1043 | B170: 45658 | C170: East | D170: Residential | E170: 62059.18 | F170: 9374 | G170: 0.136 | H170: 25 | I170: 87.1 | J170: 12.55 | K170: 0 | L170: 4.9 | M170: 739831.73 | N170: 119490.21
A171: STR-1043 | B171: 45689 | C171: East | D171: Residential | E171: 32834.48 | F171: 7576 | G171: 0.099 | H171: 15 | I171: 84.1 | J171: 3.48 | K171: 0 | L171: 5 | M171: 593637.14 | N171: 106648.14
A172: STR-1043 | B172: 45717 | C172: East | D172: Residential | E172: 50825.08 | F172: 8949 | G172: 0.157 | H172: 21 | I172: 84.7 | J172: 7.73 | K172: 0 | L172: 4.9 | M172: 769702.76 | N172: 158697
A173: STR-1043 | B173: 45748 | C173: East | D173: Residential | E173: 36606.51 | F173: 7671 | G173: 0.118 | H173: 18 | I173: 89.8 | J173: 0.25 | K173: 0 | L173: 4.4 | M173: 679731.57 | N173: 121546.42
A174: STR-1044 | B174: 45658 | C174: East | D174: Residential | E174: 65237.79 | F174: 8741 | G174: 0.157 | H174: 20 | I174: 94.4 | J174: 6.43 | K174: 0 | L174: 3.3 | M174: 780344.18 | N174: 118239.09
A175: STR-1044 | B175: 45689 | C175: East | D175: Residential | E175: 43645.98 | F175: 9480 | G175: 0.109 | H175: 22 | I175: 89 | J175: 2.11 | K175: 0 | L175: 3.1 | M175: 721364.11 | N175: 147272.81
A176: STR-1044 | B176: 45717 | C176: East | D176: Residential | E176: 68040.15 | F176: 9826 | G176: 0.125 | H176: 20 | I176: 83.9 | J176: 9.12 | K176: 0 | L176: 3.6 | M176: 758138.29 | N176: 132975.26
... A196: STR-1049 | B196: 45717 | C196: West | D196: Residential | E196: 40220.18 | F196: 3783 | G196: 0.089 | H196: 14 | I196: 86.6 | J196: 3.63 | K196: 0 | L196: 3.7 | M196: 559422.02 | N196: 73528.74
...

Sheet cleaned_data
A1: store_id | B1: month | C1: region | D1: store_type | E1: marketing_spend | F1: footfall | G1: avg_discount_pct | H1: staff_count | I1: inventory_availability_pct | J1: competitor_distance_km | K1: holiday_flag | L1: customer_rating | M1: monthly_sales | N1: monthly_profit
A2: STR-1001 | B2: 45658 | C2: East | D2: Residential | E2: 70389.11 | F2: 8302 | G2: 0.042 | H2: 17 | I2: 75 | J2: 5.28 | K2: 1 | L2: 3.1 | M2: 658832.62 | N2: 84349.93
A3: STR-1001 | B3: 45689 | C3: East | D3: Residential | E3: 43827.89 | F3: 8487 | G3: 0.168 | H3: 23 | I3: 84.4 | J3: 4.31 | K3: 0 | L3: 2.8 | M3: 634436 | N3: 106130.54
A4: STR-1001 | B4: 45717 | C4: East | D4: Residential | E4: 59921.75 | F4: 9113 | G4: 0.133 | H4: 20 | I4: 88 | J4: 12 | K4: 0 | L4: 3.2 | M4: 678722.06 | N4: 101883.86
A5: STR-1001 | B5: 45748 | C5: East | D5: Residential | E5: 56856.63 | F5: 9431 | G5: 0.142 | H5: 23 | I5: 86.9 | J5: 4.97 | K5: 0 | L5: 3.4 | M5: 658920.3 | N5: 97910.37
A6: STR-1002 | B6: 45658 | C6: East | D6: High Street | E6: 48412.64 | F6: 9545 | G6: 0.231 | H6: 21 | I6: 97.6 | J6: 6.94 | K6: 1 | L6: 4.2 | M6: 741341.44 | N6: 119208.17
A7: STR-1002 | B7: 45689 | C7: East | D7: High Street | E7: 64811.21 | F7: 9792 | G7: 0.112 | H7: 20 | I7: 84.2 | J7: 2.88 | K7: 0 | L7: 4.2 | M7: 761835.34 | N7: 149602.23
A8: STR-1002 | B8: 45717 | C8: East | D8: High Street | E8: 46213.45 | F8: 10616 | G8: 0.122 | H8: 22 | I8: 85.2 | J8: 0.2 | K8: 1 | L8: 4.1 | M8: 806615.54 | N8: 131364.62
A9: STR-1002 | B9: 45748 | C9: East | D9: High Street | E9: 68148.52 | F9: 8567 | G9: 0.127 | H9: 23 | I9: 95.6 | J9: 0.8 | K9: 0 | L9: 3.9 | M9: 850164.26 | N9: 149262.75
A10: STR-1003 | B10: 45658 | C10: North | D10: Airport | E10: 71838.86 | F10: 10979 | G10: 0.215 | H10: 26 | I10: 88.6 | J10: 7.7 | K10: 1 | L10: 3.8 | M10: 930581.7 | N10: 136207.98
A11: STR-1003 | B11: 45689 | C11: North | D11: Airport | E11: 68133.44 | F11: 9459 | G11: 0.22 | H11: 21 | I11: 85 | J11: 1.91 | K11: 0 | L11: 4.2 | M11: 779010.94 | N11: 106328.09
A12: STR-1003 | B12: 45717 | C12: North | D12: Airport | E12: 34285.21 | F12: 9172 | G12: 0.213 | H12: 22 | I12: 88.3 | J12: 10.46 | K12: 1 | L12: 3.8 | M12: 723060.76 | N12: 123131.24
A13: STR-1003 | B13: 45748 | C13: North | D13: Airport | E13: 67979.88 | F13: 11230 | G13: 0.002 | H13: 28 | I13: 85.3 | J13: 7.16 | K13: 0 | L13: 3.8 | M13: 910791.94 | N13: 158891.28
... A321: STR-1080 | B321: 45748 | C321: East | D321: Residential | E321: 40553.11 | F321: 5317 | G321: 0.165 | H321: 17 | I321: 84.3 | J321: 11.82 | K321: 0 | L321: 4.1 | M321: 559660.84 | N321: 71443.61

Sheet dummy_variables
A1: store_id | B1: month | C1: region | D1: store_type | E1: monthly_sales | F1: region_North | G1: region_South | H1: region_West | I1: store_type_Airport | J1: store_type_High Street | K1: store_type_Mall
A2: STR-1001 | B2: 45658 | C2: East | D2: Residential | E2: 658832.62 | F2: =IF(C2="North",1,0) -> 0 | G2: =IF(C2="South",1,0) -> 0 | H2: =IF(C2="West",1,0) -> 0 | I2: =IF(D2="Airport",1,0) -> 0 | J2: =IF(D2="High Street",1,0) -> 0 | K2: =IF(D2="Mall",1,0) -> 0
A3: STR-1001 | B3: 45689 | C3: East | D3: Residential | E3: 634436 | F3: =IF(C3="North",1,0) -> 0 | G3: =IF(C3="South",1,0) -> 0 | H3: =IF(C3="West",1,0) -> 0 | I3: =IF(D3="Airport",1,0) -> 0 | J3: =IF(D3="High Street",1,0) -> 0 | K3: =IF(D3="Mall",1,0) -> 0
A4: STR-1001 | B4: 45717 | C4: East | D4: Residential | E4: 678722.06 | F4: =IF(C4="North",1,0) -> 0 | G4: =IF(C4="South",1,0) -> 0 | H4: =IF(C4="West",1,0) -> 0 | I4: =IF(D4="Airport",1,0) -> 0 | J4: =IF(D4="High Street",1,0) -> 0 | K4: =IF(D4="Mall",1,0) -> 0
A5: STR-1001 | B5: 45748 | C5: East | D5: Residential | E5: 658920.3 | F5: =IF(C5="North",1,0) -> 0 | G5: =IF(C5="South",1,0) -> 0 | H5: =IF(C5="West",1,0) -> 0 | I5: =IF(D5="Airport",1,0) -> 0 | J5: =IF(D5="High Street",1,0) -> 0 | K5: =IF(D5="Mall",1,0) -> 0
A6: STR-1002 | B6: 45658 | C6: East | D6: High Street | E6: 741341.44 | F6: =IF(C6="North",1,0) -> 0 | G6: =IF(C6="South",1,0) -> 0 | H6: =IF(C6="West",1,0) -> 0 | I6: =IF(D6="Airport",1,0) -> 0 | J6: =IF(D6="High Street",1,0) -> 1 | K6: =IF(D6="Mall",1,0) -> 0
A7: STR-1002 | B7: 45689 | C7: East | D7: High Street | E7: 761835.34 | F7: =IF(C7="North",1,0) -> 0 | G7: =IF(C7="South",1,0) -> 0 | H7: =IF(C7="West",1,0) -> 0 | I7: =IF(D7="Airport",1,0) -> 0 | J7: =IF(D7="High Street",1,0) -> 1 | K7: =IF(D7="Mall",1,0) -> 0
A8: STR-1002 | B8: 45717 | C8: East | D8: High Street | E8: 806615.54 | F8: =IF(C8="North",1,0) -> 0 | G8: =IF(C8="South",1,0) -> 0 | H8: =IF(C8="West",1,0) -> 0 | I8: =IF(D8="Airport",1,0) -> 0 | J8: =IF(D8="High Street",1,0) -> 1 | K8: =IF(D8="Mall",1,0) -> 0
A9: STR-1002 | B9: 45748 | C9: East | D9: High Street | E9: 850164.26 | F9: =IF(C9="North",1,0) -> 0 | G9: =IF(C9="South",1,0) -> 0 | H9: =IF(C9="West",1,0) -> 0 | I9: =IF(D9="Airport",1,0) -> 0 | J9: =IF(D9="High Street",1,0) -> 1 | K9: =IF(D9="Mall",1,0) -> 0
A10: STR-1003 | B10: 45658 | C10: North | D10: Airport | E10: 930581.7 | F10: =IF(C10="North",1,0) -> 1 | G10: =IF(C10="South",1,0) -> 0 | H10: =IF(C10="West",1,0) -> 0 | I10: =IF(D10="Airport",1,0) -> 1 | J10: =IF(D10="High Street",1,0) -> 0 | K10: =IF(D10="Mall",1,0) -> 0
A11: STR-1003 | B11: 45689 | C11: North | D11: Airport | E11: 779010.94 | F11: =IF(C11="North",1,0) -> 1 | G11: =IF(C11="South",1,0) -> 0 | H11: =IF(C11="West",1,0) -> 0 | I11: =IF(D11="Airport",1,0) -> 1 | J11: =IF(D11="High Street",1,0) -> 0 | K11: =IF(D11="Mall",1,0) -> 0
A12: STR-1003 | B12: 45717 | C12: North | D12: Airport | E12: 723060.76 | F12: =IF(C12="North",1,0) -> 1 | G12: =IF(C12="South",1,0) -> 0 | H12: =IF(C12="West",1,0) -> 0 | I12: =IF(D12="Airport",1,0) -> 1 | J12: =IF(D12="High Street",1,0) -> 0 | K12: =IF(D12="Mall",1,0) -> 0
A13: STR-1003 | B13: 45748 | C13: North | D13: Airport | E13: 910791.94 | F13: =IF(C13="North",1,0) -> 1 | G13: =IF(C13="South",1,0) -> 0 | H13: =IF(C13="West",1,0) -> 0 | I13: =IF(D13="Airport",1,0) -> 1 | J13: =IF(D13="High Street",1,0) -> 0 | K13: =IF(D13="Mall",1,0) -> 0
... A321: STR-1080 | B321: 45748 | C321: East | D321: Residential | E321: 559660.84 | F321: =IF(C321="North",1,0) -> 0 | G321: =IF(C321="South",1,0) -> 0 | H321: =IF(C321="West",1,0) -> 0 | I321: =IF(D321="Airport",1,0) -> 0 | J321: =IF(D321="High Street",1,0) -> 0 | K321: =IF(D321="Mall",1,0) -> 0

Sheet simple_regression
A1: SUMMARY OUTPUT | C1: Model 1: Marketing Spend regression output
A3: Regression Statistics
A4: Multiple R | B4: 0.40895561
A5: R Square | B5: 0.16724469
A6: Adjusted R Square | B6: 0.16462596
A7: Standard Error | B7: 94846.034
A8: Observations | B8: 320
A10: ANOVA
B11: df | C11: SS | D11: MS | E11: F | F11: Significance F
A12: Regression | B12: 1 | C12: 5.7451371e+11 | D12: 5.7451371e+11 | E12: 63.864873 | F12: 2.4800615e-14
A13: Residual | B13: 318 | C13: 2.8606549e+12 | D13: 8.9957701e+09
A14: Total | B14: 319 | C14: 3.4351686e+12
B16: Coefficients | C16: Standard Error | D16: t Stat | E16: P-value | F16: Lower 95% | G16: Upper 95% | H16: Lower 95.0% | I16: Upper 95.0%
A17: Intercept | B17: 560777.35 | C17: 15906.906 | D17: 35.253703 | E17: 6.9528769e-112 | F17: 529481.27 | G17: 592073.42 | H17: 529481.27 | I17: 592073.42
A18: marketing_spend | B18: 2.1295753 | C18: 0.26647838 | D18: 7.9915501 | E18: 2.4800615e-14 | F18: 1.6052919 | G18: 2.6538587 | H18: 1.6052919 | I18: 2.6538587
A21: SUMMARY OUTPUT | C21: Model 2: Footfall regression output
A23: Regression Statistics
A24: Multiple R | B24: 0.85807071
A25: R Square | B25: 0.73628534
A26: Adjusted R Square | B26: 0.73545605
A27: Standard Error | B27: 53373.736 | O27: Model | P27: Variable | Q27: Intercept | R27: Coefficient | S27: R² | T27: P-value | U27: Significant
A28: Observations | B28: 320
O29: Model 1 | P29: marketing_spend | Q29: 560777 | R29: 2.13 | S29: 0.167 | T29: 0 | U29: Yes
A30: ANOVA | O30: Model 2 | P30: footfall | Q30: 446400 | R30: 35.68 | S30: 0.736 | T30: 0 | U30: Yes
B31: df | C31: SS | D31: MS | E31: F | F31: Significance F | O31: Model 3 | P31: avg_discount_pct | Q31: 697800 | R31: -138700 | S31: 0.008 | T31: 0.104 | U31: No
A32: Regression | B32: 1 | C32: 2.5292643e+12 | D32: 2.5292643e+12 | E32: 887.84878 | F32: 4.7503615e-94
A33: Residual | B33: 318 | C33: 9.0590432e+11 | D33: 2.8487557e+09
A34: Total | B34: 319 | C34: 3.4351686e+12
B36: Coefficients | C36: Standard Error | D36: t Stat | E36: P-value | F36: Lower 95% | G36: Upper 95% | H36: Lower 95.0% | I36: Upper 95.0%
A37: Intercept | B37: 446410.58 | C37: 8407.7383 | D37: 53.095205 | E37: 4.0862696e-160 | F37: 429868.76 | G37: 462952.4 | H37: 429868.76 | I37: 462952.4
A38: footfall | B38: 35.678031 | C38: 1.1973783 | D38: 29.796791 | E38: 4.7503615e-94 | F38: 33.322247 | G38: 38.033815 | H38: 33.322247 | I38: 38.033815
A41: SUMMARY OUTPUT | D41: Model 3: Discount % regression output
A43: Regression Statistics
A44: Multiple R | B44: 0.091052199
A45: R Square | B45: 0.008290503
A46: Adjusted R Square | B46: 0.0051719197
A47: Standard Error | B47: 103502.94
A48: Observations | B48: 320
A50: ANOVA
B51: df | C51: SS | D51: MS | E51: F | F51: Significance F
A52: Regression | B52: 1 | C52: 2.8479276e+10 | D52: 2.8479276e+10 | E52: 2.6584196 | F52: 0.10399305
A53: Residual | B53: 318 | C53: 3.4066893e+12 | D53: 1.071286e+10
A54: Total | B54: 319 | C54: 3.4351686e+12
B56: Coefficients | C56: Standard Error | D56: t Stat | E56: P-value | F56: Lower 95% | G56: Upper 95% | H56: Lower 95.0% | I56: Upper 95.0%
A57: Intercept | B57: 697835.63 | C57: 12035.419 | D57: 57.981832 | E57: 3.8725944e-171 | F57: 674156.52 | G57: 721514.74 | H57: 674156.52 | I57: 721514.74
A58: avg_discount_pct | B58: -138730.45 | C58: 85086.38 | D58: -1.6304661 | E58: 0.10399305 | F58: -306133.82 | G58: 28672.909 | H58: -306133.82 | I58: 28672.909

Sheet multiple_regression
A1: SUMMARY OUTPUT
A3: Regression Statistics
A4: Multiple R | B4: 0.91341329
A5: R Square | B5: 0.83432383
A6: Adjusted R Square | B6: 0.82784789
A7: Standard Error | B7: 43056.117
A8: Observations | B8: 320
A10: ANOVA
B11: df | C11: SS | D11: MS | E11: F | F11: Significance F
A12: Regression | B12: 12 | C12: 2.866043e+12 | D12: 2.3883692e+11 | E12: 128.83437 | F12: 4.5623337e-112
A13: Residual | B13: 307 | C13: 5.6912557e+11 | D13: 1.8538292e+09
A14: Total | B14: 319 | C14: 3.4351686e+12
B16: Coefficients | C16: Standard Error | D16: t Stat | E16: P-value | F16: Lower 95% | G16: Upper 95% | H16: Lower 95.0% | I16: Upper 95.0%
A17: Intercept | B17: 48902.801 | C17: 47853.294 | D17: 1.0219318 | E17: 0.3076178 | F17: -45259.144 | G17: 143064.75 | H17: -45259.144 | I17: 143064.75
A18: marketing_spend | B18: 1.1916437 | C18: 0.1251364 | D18: 9.522759 | E18: 5.2626566e-19 | F18: 0.9454102 | G18: 1.4378773 | H18: 0.9454102 | I18: 1.4378773
A19: footfall | B19: 33.648052 | C19: 1.0222225 | D19: 32.916563 | E19: 1.0251253e-102 | F19: 31.636603 | G19: 35.659501 | H19: 31.636603 | I19: 35.659501
A20: avg_discount_pct | B20: -47714.013 | C20: 36269.631 | D20: -1.3155362 | E20: 0.18931136 | F20: -119082.54 | G20: 23654.512 | H20: -119082.54 | I20: 23654.512
A21: inventory_availability_pct | B21: 3060.0215 | C21: 456.61827 | D21: 6.7014873 | E21: 9.8726456e-11 | F21: 2161.524 | G21: 3958.519 | H21: 2161.524 | I21: 3958.519
A22: customer_rating | B22: 12599.548 | C22: 4767.0798 | D22: 2.6430327 | E22: 0.008638346 | F22: 3219.2636 | G22: 21979.833 | H22: 3219.2636 | I22: 21979.833
A23: holiday_flag | B23: 13910.893 | C23: 6563.7132 | D23: 2.1193633 | E23: 0.034862207 | F23: 995.335 | G23: 26826.452 | H23: 995.335 | I23: 26826.452
A24: region_North | B24: 6379.1936 | C24: 6995.3429 | D24: 0.91192007 | E24: 0.36252631 | F24: -7385.6916 | G24: 20144.079 | H24: -7385.6916 | I24: 20144.079
A25: region_South | B25: 18875.589 | C25: 7103.6056 | D25: 2.6571843 | E25: 0.0082918961 | F25: 4897.6733 | G25: 32853.505 | H25: 4897.6733 | I25: 32853.505
A26: region_West | B26: 19293.73 | C26: 6245.9724 | D26: 3.0889873 | E26: 0.0021920903 | F26: 7003.3968 | G26: 31584.062 | H26: 7003.3968 | I26: 31584.062
A27: store_type_Airport | B27: 41615.604 | C27: 9376.0108 | D27: 4.4385192 | E27: 1.264569e-05 | F27: 23166.228 | G27: 60064.98 | H27: 23166.228 | I27: 60064.98
A28: store_type_High Street | B28: 18404.23 | C28: 5956.8392 | D28: 3.0895965 | E28: 0.0021877365 | F28: 6682.8305 | G28: 30125.629 | H28: 6682.8305 | I28: 30125.629
A29: store_type_Mall | B29: 29423.227 | C29: 6584.3867 | D29: 4.4686359 | E29: 1.1084291e-05 | F29: 16466.989 | G29: 42379.464 | H29: 16466.989 | I29: 42379.464

Sheet multiple_helper
A1: monthly_sales | B1: marketing_spend | C1: footfall | D1: avg_discount_pct | E1: inventory_availability_pct | F1: customer_rating | G1: holiday_flag | H1: region_North | I1: region_South | J1: region_West | K1: store_type_Airport | L1: store_type_High Street | M1: store_type_Mall
A2: =cleaned_data!M2 -> 658832.62 | B2: =cleaned_data!E2 -> 70389.11 | C2: =cleaned_data!F2 -> 8302 | D2: =cleaned_data!G2 -> 0.042 | E2: =cleaned_data!I2 -> 75 | F2: =cleaned_data!L2 -> 3.1 | G2: =cleaned_data!K2 -> 1 | H2: =dummy_variables!F2 -> 0 | I2: =dummy_variables!G2 -> 0 | J2: =dummy_variables!H2 -> 0 | K2: =dummy_variables!I2 -> 0 | L2: =dummy_variables!J2 -> 0 | M2: =dummy_variables!K2 -> 0
A3: =cleaned_data!M3 -> 634436 | B3: =cleaned_data!E3 -> 43827.89 | C3: =cleaned_data!F3 -> 8487 | D3: =cleaned_data!G3 -> 0.168 | E3: =cleaned_data!I3 -> 84.4 | F3: =cleaned_data!L3 -> 2.8 | G3: =cleaned_data!K3 -> 0 | H3: =dummy_variables!F3 -> 0 | I3: =dummy_variables!G3 -> 0 | J3: =dummy_variables!H3 -> 0 | K3: =dummy_variables!I3 -> 0 | L3: =dummy_variables!J3 -> 0 | M3: =dummy_variables!K3 -> 0
A4: =cleaned_data!M4 -> 678722.06 | B4: =cleaned_data!E4 -> 59921.75 | C4: =cleaned_data!F4 -> 9113 | D4: =cleaned_data!G4 -> 0.133 | E4: =cleaned_data!I4 -> 88 | F4: =cleaned_data!L4 -> 3.2 | G4: =cleaned_data!K4 -> 0 | H4: =dummy_variables!F4 -> 0 | I4: =dummy_variables!G4 -> 0 | J4: =dummy_variables!H4 -> 0 | K4: =dummy_variables!I4 -> 0 | L4: =dummy_variables!J4 -> 0 | M4: =dummy_variables!K4 -> 0
A5: =cleaned_data!M5 -> 658920.3 | B5: =cleaned_data!E5 -> 56856.63 | C5: =cleaned_data!F5 -> 9431 | D5: =cleaned_data!G5 -> 0.142 | E5: =cleaned_data!I5 -> 86.9 | F5: =cleaned_data!L5 -> 3.4 | G5: =cleaned_data!K5 -> 0 | H5: =dummy_variables!F5 -> 0 | I5: =dummy_variables!G5 -> 0 | J5: =dummy_variables!H5 -> 0 | K5: =dummy_variables!I5 -> 0 | L5: =dummy_variables!J5 -> 0 | M5: =dummy_variables!K5 -> 0
A6: =cleaned_data!M6 -> 741341.44 | B6: =cleaned_data!E6 -> 48412.64 | C6: =cleaned_data!F6 -> 9545 | D6: =cleaned_data!G6 -> 0.231 | E6: =cleaned_data!I6 -> 97.6 | F6: =cleaned_data!L6 -> 4.2 | G6: =cleaned_data!K6 -> 1 | H6: =dummy_variables!F6 -> 0 | I6: =dummy_variables!G6 -> 0 | J6: =dummy_variables!H6 -> 0 | K6: =dummy_variables!I6 -> 0 | L6: =dummy_variables!J6 -> 1 | M6: =dummy_variables!K6 -> 0
A7: =cleaned_data!M7 -> 761835.34 | B7: =cleaned_data!E7 -> 64811.21 | C7: =cleaned_data!F7 -> 9792 | D7: =cleaned_data!G7 -> 0.112 | E7: =cleaned_data!I7 -> 84.2 | F7: =cleaned_data!L7 -> 4.2 | G7: =cleaned_data!K7 -> 0 | H7: =dummy_variables!F7 -> 0 | I7: =dummy_variables!G7 -> 0 | J7: =dummy_variables!H7 -> 0 | K7: =dummy_variables!I7 -> 0 | L7: =dummy_variables!J7 -> 1 | M7: =dummy_variables!K7 -> 0
A8: =cleaned_data!M8 -> 806615.54 | B8: =cleaned_data!E8 -> 46213.45 | C8: =cleaned_data!F8 -> 10616 | D8: =cleaned_data!G8 -> 0.122 | E8: =cleaned_data!I8 -> 85.2 | F8: =cleaned_data!L8 -> 4.1 | G8: =cleaned_data!K8 -> 1 | H8: =dummy_variables!F8 -> 0 | I8: =dummy_variables!G8 -> 0 | J8: =dummy_variables!H8 -> 0 | K8: =dummy_variables!I8 -> 0 | L8: =dummy_variables!J8 -> 1 | M8: =dummy_variables!K8 -> 0
A9: =cleaned_data!M9 -> 850164.26 | B9: =cleaned_data!E9 -> 68148.52 | C9: =cleaned_data!F9 -> 8567 | D9: =cleaned_data!G9 -> 0.127 | E9: =cleaned_data!I9 -> 95.6 | F9: =cleaned_data!L9 -> 3.9 | G9: =cleaned_data!K9 -> 0 | H9: =dummy_variables!F9 -> 0 | I9: =dummy_variables!G9 -> 0 | J9: =dummy_variables!H9 -> 0 | K9: =dummy_variables!I9 -> 0 | L9: =dummy_variables!J9 -> 1 | M9: =dummy_variables!K9 -> 0
A10: =cleaned_data!M10 -> 930581.7 | B10: =cleaned_data!E10 -> 71838.86 | C10: =cleaned_data!F10 -> 10979 | D10: =cleaned_data!G10 -> 0.215 | E10: =cleaned_data!I10 -> 88.6 | F10: =cleaned_data!L10 -> 3.8 | G10: =cleaned_data!K10 -> 1 | H10: =dummy_variables!F10 -> 1 | I10: =dummy_variables!G10 -> 0 | J10: =dummy_variables!H10 -> 0 | K10: =dummy_variables!I10 -> 1 | L10: =dummy_variables!J10 -> 0 | M10: =dummy_variables!K10 -> 0
A11: =cleaned_data!M11 -> 779010.94 | B11: =cleaned_data!E11 -> 68133.44 | C11: =cleaned_data!F11 -> 9459 | D11: =cleaned_data!G11 -> 0.22 | E11: =cleaned_data!I11 -> 85 | F11: =cleaned_data!L11 -> 4.2 | G11: =cleaned_data!K11 -> 0 | H11: =dummy_variables!F11 -> 1 | I11: =dummy_variables!G11 -> 0 | J11: =dummy_variables!H11 -> 0 | K11: =dummy_variables!I11 -> 1 | L11: =dummy_variables!J11 -> 0 | M11: =dummy_variables!K11 -> 0
A12: =cleaned_data!M12 -> 723060.76 | B12: =cleaned_data!E12 -> 34285.21 | C12: =cleaned_data!F12 -> 9172 | D12: =cleaned_data!G12 -> 0.213 | E12: =cleaned_data!I12 -> 88.3 | F12: =cleaned_data!L12 -> 3.8 | G12: =cleaned_data!K12 -> 1 | H12: =dummy_variables!F12 -> 1 | I12: =dummy_variables!G12 -> 0 | J12: =dummy_variables!H12 -> 0 | K12: =dummy_variables!I12 -> 1 | L12: =dummy_variables!J12 -> 0 | M12: =dummy_variables!K12 -> 0
A13: =cleaned_data!M13 -> 910791.94 | B13: =cleaned_data!E13 -> 67979.88 | C13: =cleaned_data!F13 -> 11230 | D13: =cleaned_data!G13 -> 0.002 | E13: =cleaned_data!I13 -> 85.3 | F13: =cleaned_data!L13 -> 3.8 | G13: =cleaned_data!K13 -> 0 | H13: =dummy_variables!F13 -> 1 | I13: =dummy_variables!G13 -> 0 | J13: =dummy_variables!H13 -> 0 | K13: =dummy_variables!I13 -> 1 | L13: =dummy_variables!J13 -> 0 | M13: =dummy_variables!K13 -> 0
... A321: =cleaned_data!M321 -> 559660.84 | B321: =cleaned_data!E321 -> 40553.11 | C321: =cleaned_data!F321 -> 5317 | D321: =cleaned_data!G321 -> 0.165 | E321: =cleaned_data!I321 -> 84.3 | F321: =cleaned_data!L321 -> 4.1 | G321: =cleaned_data!K321 -> 0 | H321: =dummy_variables!F321 -> 0 | I321: =dummy_variables!G321 -> 0 | J321: =dummy_variables!H321 -> 0 | K321: =dummy_variables!I321 -> 0 | L321: =dummy_variables!J321 -> 0 | M321: =dummy_variables!K321 -> 0

Sheet predictions_residuals
A1: store_id | B1: region | C1: store_type | D1: monthly_sales | E1: predicted_sales | F1: residuals
A2: STR-1001 | B2: East | C2: Residential | D2: 658920.3 | E2: =48902.8015+1.1916*cleaned_data!E5+33.6481*cleaned_data!F5-47714.01*cleaned_data!G5+3060.02*cleaned_data!I5+12599.55*cleaned_data!L5+13910.89*cleaned_data!K5+6379.19*dummy_variables!F5+18875.59*dummy_variables!G5+19293.73*dummy_variables!H5+41615.6*dummy_variables!I5+18404.23*dummy_variables!J5+29423.23*dummy_variables!K5 -> 735967.21 | F2: =D2-E2 -> -77046.911
A3: STR-1001 | B3: East | C3: Residential | D3: 678722.06 | E3: =48902.8015+1.1916*cleaned_data!E4+33.6481*cleaned_data!F4-47714.01*cleaned_data!G4+3060.02*cleaned_data!I4+12599.55*cleaned_data!L4+13910.89*cleaned_data!K4+6379.19*dummy_variables!F4+18875.59*dummy_variables!G4+19293.73*dummy_variables!H4+41615.6*dummy_variables!I4+18404.23*dummy_variables!J4+29423.23*dummy_variables!K4 -> 730195.05 | F3: =D3-E3 -> -51472.991
A4: STR-1001 | B4: East | C4: Residential | D4: 634436 | E4: =48902.8015+1.1916*cleaned_data!E3+33.6481*cleaned_data!F3-47714.01*cleaned_data!G3+3060.02*cleaned_data!I3+12599.55*cleaned_data!L3+13910.89*cleaned_data!K3+6379.19*dummy_variables!F3+18875.59*dummy_variables!G3+19293.73*dummy_variables!H3+41615.6*dummy_variables!I3+18404.23*dummy_variables!J3+29423.23*dummy_variables!K3 -> 672228.01 | F4: =D4-E4 -> -37792.014
A5: STR-1001 | B5: East | C5: Residential | D5: 658832.62 | E5: =48902.8015+1.1916*cleaned_data!E2+33.6481*cleaned_data!F2-47714.01*cleaned_data!G2+3060.02*cleaned_data!I2+12599.55*cleaned_data!L2+13910.89*cleaned_data!K2+6379.19*dummy_variables!F2+18875.59*dummy_variables!G2+19293.73*dummy_variables!H2+41615.6*dummy_variables!I2+18404.23*dummy_variables!J2+29423.23*dummy_variables!K2 -> 692592 | F5: =D5-E5 -> -33759.378
A6: STR-1002 | B6: East | C6: High Street | D6: 741341.44 | E6: =48902.8015+1.1916*cleaned_data!E6+33.6481*cleaned_data!F6-47714.01*cleaned_data!G6+3060.02*cleaned_data!I6+12599.55*cleaned_data!L6+13910.89*cleaned_data!K6+6379.19*dummy_variables!F6+18875.59*dummy_variables!G6+19293.73*dummy_variables!H6+41615.6*dummy_variables!I6+18404.23*dummy_variables!J6+29423.23*dummy_variables!K6 -> 800631.66 | F6: =D6-E6 -> -59290.224
A7: STR-1002 | B7: East | C7: High Street | D7: 761835.34 | E7: =48902.8015+1.1916*cleaned_data!E7+33.6481*cleaned_data!F7-47714.01*cleaned_data!G7+3060.02*cleaned_data!I7+12599.55*cleaned_data!L7+13910.89*cleaned_data!K7+6379.19*dummy_variables!F7+18875.59*dummy_variables!G7+19293.73*dummy_variables!H7+41615.6*dummy_variables!I7+18404.23*dummy_variables!J7+29423.23*dummy_variables!K7 -> 779246.09 | F7: =D7-E7 -> -17410.749
A8: STR-1002 | B8: East | C8: High Street | D8: 806615.54 | E8: =48902.8015+1.1916*cleaned_data!E8+33.6481*cleaned_data!F8-47714.01*cleaned_data!G8+3060.02*cleaned_data!I8+12599.55*cleaned_data!L8+13910.89*cleaned_data!K8+6379.19*dummy_variables!F8+18875.59*dummy_variables!G8+19293.73*dummy_variables!H8+41615.6*dummy_variables!I8+18404.23*dummy_variables!J8+29423.23*dummy_variables!K8 -> 800044.85 | F8: =D8-E8 -> 6570.6921
A9: STR-1002 | B9: East | C9: High Street | D9: 850164.26 | E9: =48902.8015+1.1916*cleaned_data!E9+33.6481*cleaned_data!F9-47714.01*cleaned_data!G9+3060.02*cleaned_data!I9+12599.55*cleaned_data!L9+13910.89*cleaned_data!K9+6379.19*dummy_variables!F9+18875.59*dummy_variables!G9+19293.73*dummy_variables!H9+41615.6*dummy_variables!I9+18404.23*dummy_variables!J9+29423.23*dummy_variables!K9 -> 772392.56 | F9: =D9-E9 -> 77771.702
A10: STR-1003 | B10: North | C10: Airport | D10: 723060.76 | E10: =48902.8015+1.1916*cleaned_data!E12+33.6481*cleaned_data!F12-47714.01*cleaned_data!G12+3060.02*cleaned_data!I12+12599.55*cleaned_data!L12+13910.89*cleaned_data!K12+6379.19*dummy_variables!F12+18875.59*dummy_variables!G12+19293.73*dummy_variables!H12+41615.6*dummy_variables!I12+18404.23*dummy_variables!J12+29423.23*dummy_variables!K12 -> 768198.08 | F10: =D10-E10 -> -45137.323
A11: STR-1003 | B11: North | C11: Airport | D11: 779010.94 | E11: =48902.8015+1.1916*cleaned_data!E11+33.6481*cleaned_data!F11-47714.01*cleaned_data!G11+3060.02*cleaned_data!I11+12599.55*cleaned_data!L11+13910.89*cleaned_data!K11+6379.19*dummy_variables!F11+18875.59*dummy_variables!G11+19293.73*dummy_variables!H11+41615.6*dummy_variables!I11+18404.23*dummy_variables!J11+29423.23*dummy_variables!K11 -> 798885.5 | F11: =D11-E11 -> -19874.564
A12: STR-1003 | B12: North | C12: Airport | D12: 910791.94 | E12: =48902.8015+1.1916*cleaned_data!E13+33.6481*cleaned_data!F13-47714.01*cleaned_data!G13+3060.02*cleaned_data!I13+12599.55*cleaned_data!L13+13910.89*cleaned_data!K13+6379.19*dummy_variables!F13+18875.59*dummy_variables!G13+19293.73*dummy_variables!H13+41615.6*dummy_variables!I13+18404.23*dummy_variables!J13+29423.23*dummy_variables!K13 -> 864573.15 | F12: =D12-E12 -> 46218.793
A13: STR-1003 | B13: North | C13: Airport | D13: 930581.7 | E13: =48902.8015+1.1916*cleaned_data!E10+33.6481*cleaned_data!F10-47714.01*cleaned_data!G10+3060.02*cleaned_data!I10+12599.55*cleaned_data!L10+13910.89*cleaned_data!K10+6379.19*dummy_variables!F10+18875.59*dummy_variables!G10+19293.73*dummy_variables!H10+41615.6*dummy_variables!I10+18404.23*dummy_variables!J10+29423.23*dummy_variables!K10 -> 874571.71 | F13: =D13-E13 -> 56009.993
A14: STR-1004 | B14: East | C14: Residential | D14: 726606.28 | E14: =48902.8015+1.1916*cleaned_data!E15+33.6481*cleaned_data!F15-47714.01*cleaned_data!G15+3060.02*cleaned_data!I15+12599.55*cleaned_data!L15+13910.89*cleaned_data!K15+6379.19*dummy_variables!F15+18875.59*dummy_variables!G15+19293.73*dummy_variables!H15+41615.6*dummy_variables!I15+18404.23*dummy_variables!J15+29423.23*dummy_variables!K15 -> 760600.48 | F14: =D14-E14 -> -33994.199
A15: STR-1004 | B15: East | C15: Residential | D15: 746501.09 | E15: =48902.8015+1.1916*cleaned_data!E16+33.6481*cleaned_data!F16-47714.01*cleaned_data!G16+3060.02*cleaned_data!I16+12599.55*cleaned_data!L16+13910.89*cleaned_data!K16+6379.19*dummy_variables!F16+18875.59*dummy_variables!G16+19293.73*dummy_variables!H16+41615.6*dummy_variables!I16+18404.23*dummy_variables!J16+29423.23*dummy_variables!K16 -> 734619.87 | F15: =D15-E15 -> 11881.22
A16: STR-1004 | B16: East | C16: Residential | D16: 834017.02 | E16: =48902.8015+1.1916*cleaned_data!E17+33.6481*cleaned_data!F17-47714.01*cleaned_data!G17+3060.02*cleaned_data!I17+12599.55*cleaned_data!L17+13910.89*cleaned_data!K17+6379.19*dummy_variables!F17+18875.59*dummy_variables!G17+19293.73*dummy_variables!H17+41615.6*dummy_variables!I17+18404.23*dummy_variables!J17+29423.23*dummy_variables!K17 -> 797250.52 | F16: =D16-E16 -> 36766.5
A17: STR-1004 | B17: East | C17: Residential | D17: 922168.6 | E17: =48902.8015+1.1916*cleaned_data!E14+33.6481*cleaned_data!F14-47714.01*cleaned_data!G14+3060.02*cleaned_data!I14+12599.55*cleaned_data!L14+13910.89*cleaned_data!K14+6379.19*dummy_variables!F14+18875.59*dummy_variables!G14+19293.73*dummy_variables!H14+41615.6*dummy_variables!I14+18404.23*dummy_variables!J14+29423.23*dummy_variables!K14 -> 875645.64 | F17: =D17-E17 -> 46522.958
A18: STR-1005 | B18: South | C18: Residential | D18: 666573.2 | E18: =48902.8015+1.1916*cleaned_data!E20+33.6481*cleaned_data!F20-47714.01*cleaned_data!G20+3060.02*cleaned_data!I20+12599.55*cleaned_data!L20+13910.89*cleaned_data!K20+6379.19*dummy_variables!F20+18875.59*dummy_variables!G20+19293.73*dummy_variables!H20+41615.6*dummy_variables!I20+18404.23*dummy_variables!J20+29423.23*dummy_variables!K20 -> 685142.86 | F18: =D18-E18 -> -18569.659
A19: STR-1005 | B19: South | C19: Residential | D19: 573155.19 | E19: =48902.8015+1.1916*cleaned_data!E19+33.6481*cleaned_data!F19-47714.01*cleaned_data!G19+3060.02*cleaned_data!I19+12599.55*cleaned_data!L19+13910.89*cleaned_data!K19+6379.19*dummy_variables!F19+18875.59*dummy_variables!G19+19293.73*dummy_variables!H19+41615.6*dummy_variables!I19+18404.23*dummy_variables!J19+29423.23*dummy_variables!K19 -> 589403.3 | F19: =D19-E19 -> -16248.106
A20: STR-1005 | B20: South | C20: Residential | D20: 666152.52 | E20: =48902.8015+1.1916*cleaned_data!E18+33.6481*cleaned_data!F18-47714.01*cleaned_data!G18+3060.02*cleaned_data!I18+12599.55*cleaned_data!L18+13910.89*cleaned_data!K18+6379.19*dummy_variables!F18+18875.59*dummy_variables!G18+19293.73*dummy_variables!H18+41615.6*dummy_variables!I18+18404.23*dummy_variables!J18+29423.23*dummy_variables!K18 -> 678131.66 | F20: =D20-E20 -> -11979.141
A21: STR-1005 | B21: South | C21: Residential | D21: 591619.95 | E21: =48902.8015+1.1916*cleaned_data!E21+33.6481*cleaned_data!F21-47714.01*cleaned_data!G21+3060.02*cleaned_data!I21+12599.55*cleaned_data!L21+13910.89*cleaned_data!K21+6379.19*dummy_variables!F21+18875.59*dummy_variables!G21+19293.73*dummy_variables!H21+41615.6*dummy_variables!I21+18404.23*dummy_variables!J21+29423.23*dummy_variables!K21 -> 593917.75 | F21: =D21-E21 -> -2297.8042
A22: STR-1006 | B22: North | C22: Residential | D22: 415721.82 | E22: =48902.8015+1.1916*cleaned_data!E22+33.6481*cleaned_data!F22-47714.01*cleaned_data!G22+3060.02*cleaned_data!I22+12599.55*cleaned_data!L22+13910.89*cleaned_data!K22+6379.19*dummy_variables!F22+18875.59*dummy_variables!G22+19293.73*dummy_variables!H22+41615.6*dummy_variables!I22+18404.23*dummy_variables!J22+29423.23*dummy_variables!K22 -> 497874.98 | F22: =D22-E22 -> -82153.163
A23: STR-1006 | B23: North | C23: Residential | D23: 491905.13 | E23: =48902.8015+1.1916*cleaned_data!E23+33.6481*cleaned_data!F23-47714.01*cleaned_data!G23+3060.02*cleaned_data!I23+12599.55*cleaned_data!L23+13910.89*cleaned_data!K23+6379.19*dummy_variables!F23+18875.59*dummy_variables!G23+19293.73*dummy_variables!H23+41615.6*dummy_variables!I23+18404.23*dummy_variables!J23+29423.23*dummy_variables!K23 -> 492002.56 | F23: =D23-E23 -> -97.433248
A24: STR-1006 | B24: North | C24: Residential | D24: 565810.99 | E24: =48902.8015+1.1916*cleaned_data!E25+33.6481*cleaned_data!F25-47714.01*cleaned_data!G25+3060.02*cleaned_data!I25+12599.55*cleaned_data!L25+13910.89*cleaned_data!K25+6379.19*dummy_variables!F25+18875.59*dummy_variables!G25+19293.73*dummy_variables!H25+41615.6*dummy_variables!I25+18404.23*dummy_variables!J25+29423.23*dummy_variables!K25 -> 547895.19 | F24: =D24-E24 -> 17915.804
A25: STR-1006 | B25: North | C25: Residential | D25: 555929.4 | E25: =48902.8015+1.1916*cleaned_data!E24+33.6481*cleaned_data!F24-47714.01*cleaned_data!G24+3060.02*cleaned_data!I24+12599.55*cleaned_data!L24+13910.89*cleaned_data!K24+6379.19*dummy_variables!F24+18875.59*dummy_variables!G24+19293.73*dummy_variables!H24+41615.6*dummy_variables!I24+18404.23*dummy_variables!J24+29423.23*dummy_variables!K24 -> 533996.22 | F25: =D25-E25 -> 21933.184
A26: STR-1007 | B26: West | C26: Mall | D26: 800451.94 | E26: =48902.8015+1.1916*cleaned_data!E27+33.6481*cleaned_data!F27-47714.01*cleaned_data!G27+3060.02*cleaned_data!I27+12599.55*cleaned_data!L27+13910.89*cleaned_data!K27+6379.19*dummy_variables!F27+18875.59*dummy_variables!G27+19293.73*dummy_variables!H27+41615.6*dummy_variables!I27+18404.23*dummy_variables!J27+29423.23*dummy_variables!K27 -> 909678.69 | F26: =D26-E26 -> -109226.75
A27: STR-1007 | B27: West | C27: Mall | D27: 811771.14 | E27: =48902.8015+1.1916*cleaned_data!E26+33.6481*cleaned_data!F26-47714.01*cleaned_data!G26+3060.02*cleaned_data!I26+12599.55*cleaned_data!L26+13910.89*cleaned_data!K26+6379.19*dummy_variables!F26+18875.59*dummy_variables!G26+19293.73*dummy_variables!H26+41615.6*dummy_variables!I26+18404.23*dummy_variables!J26+29423.23*dummy_variables!K26 -> 838602.35 | F27: =D27-E27 -> -26831.209
A28: STR-1007 | B28: West | C28: Mall | D28: 783672.82 | E28: =48902.8015+1.1916*cleaned_data!E28+33.6481*cleaned_data!F28-47714.01*cleaned_data!G28+3060.02*cleaned_data!I28+12599.55*cleaned_data!L28+13910.89*cleaned_data!K28+6379.19*dummy_variables!F28+18875.59*dummy_variables!G28+19293.73*dummy_variables!H28+41615.6*dummy_variables!I28+18404.23*dummy_variables!J28+29423.23*dummy_variables!K28 -> 800462.53 | F28: =D28-E28 -> -16789.715
A29: STR-1007 | B29: West | C29: Mall | D29: 701641.97 | E29: =48902.8015+1.1916*cleaned_data!E29+33.6481*cleaned_data!F29-47714.01*cleaned_data!G29+3060.02*cleaned_data!I29+12599.55*cleaned_data!L29+13910.89*cleaned_data!K29+6379.19*dummy_variables!F29+18875.59*dummy_variables!G29+19293.73*dummy_variables!H29+41615.6*dummy_variables!I29+18404.23*dummy_variables!J29+29423.23*dummy_variables!K29 -> 701926.21 | F29: =D29-E29 -> -284.24074
A30: STR-1008 | B30: East | C30: Residential | D30: 511844.41 | E30: =48902.8015+1.1916*cleaned_data!E30+33.6481*cleaned_data!F30-47714.01*cleaned_data!G30+3060.02*cleaned_data!I30+12599.55*cleaned_data!L30+13910.89*cleaned_data!K30+6379.19*dummy_variables!F30+18875.59*dummy_variables!G30+19293.73*dummy_variables!H30+41615.6*dummy_variables!I30+18404.23*dummy_variables!J30+29423.23*dummy_variables!K30 -> 564379.47 | F30: =D30-E30 -> -52535.056
A31: STR-1008 | B31: East | C31: Residential | D31: 427917.38 | E31: =48902.8015+1.1916*cleaned_data!E33+33.6481*cleaned_data!F33-47714.01*cleaned_data!G33+3060.02*cleaned_data!I33+12599.55*cleaned_data!L33+13910.89*cleaned_data!K33+6379.19*dummy_variables!F33+18875.59*dummy_variables!G33+19293.73*dummy_variables!H33+41615.6*dummy_variables!I33+18404.23*dummy_variables!J33+29423.23*dummy_variables!K33 -> 477206.49 | F31: =D31-E31 -> -49289.114
A32: STR-1008 | B32: East | C32: Residential | D32: 500173.02 | E32: =48902.8015+1.1916*cleaned_data!E32+33.6481*cleaned_data!F32-47714.01*cleaned_data!G32+3060.02*cleaned_data!I32+12599.55*cleaned_data!L32+13910.89*cleaned_data!K32+6379.19*dummy_variables!F32+18875.59*dummy_variables!G32+19293.73*dummy_variables!H32+41615.6*dummy_variables!I32+18404.23*dummy_variables!J32+29423.23*dummy_variables!K32 -> 507731.48 | F32: =D32-E32 -> -7558.4556
A33: STR-1008 | B33: East | C33: Residential | D33: 537383.79 | E33: =48902.8015+1.1916*cleaned_data!E31+33.6481*cleaned_data!F31-47714.01*cleaned_data!G31+3060.02*cleaned_data!I31+12599.55*cleaned_data!L31+13910.89*cleaned_data!K31+6379.19*dummy_variables!F31+18875.59*dummy_variables!G31+19293.73*dummy_variables!H31+41615.6*dummy_variables!I31+18404.23*dummy_variables!J31+29423.23*dummy_variables!K31 -> 501107.28 | F33: =D33-E33 -> 36276.509
A34: STR-1009 | B34: North | C34: Residential | D34: 641865.03 | E34: =48902.8015+1.1916*cleaned_data!E34+33.6481*cleaned_data!F34-47714.01*cleaned_data!G34+3060.02*cleaned_data!I34+12599.55*cleaned_data!L34+13910.89*cleaned_data!K34+6379.19*dummy_variables!F34+18875.59*dummy_variables!G34+19293.73*dummy_variables!H34+41615.6*dummy_variables!I34+18404.23*dummy_variables!J34+29423.23*dummy_variables!K34 -> 736456.24 | F34: =D34-E34 -> -94591.213
A35: STR-1009 | B35: North | C35: Residential | D35: 799477.76 | E35: =48902.8015+1.1916*cleaned_data!E35+33.6481*cleaned_data!F35-47714.01*cleaned_data!G35+3060.02*cleaned_data!I35+12599.55*cleaned_data!L35+13910.89*cleaned_data!K35+6379.19*dummy_variables!F35+18875.59*dummy_variables!G35+19293.73*dummy_variables!H35+41615.6*dummy_variables!I35+18404.23*dummy_variables!J35+29423.23*dummy_variables!K35 -> 842945.04 | F35: =D35-E35 -> -43467.282
A36: STR-1009 | B36: North | C36: Residential | D36: 800979.78 | E36: =48902.8015+1.1916*cleaned_data!E37+33.6481*cleaned_data!F37-47714.01*cleaned_data!G37+3060.02*cleaned_data!I37+12599.55*cleaned_data!L37+13910.89*cleaned_data!K37+6379.19*dummy_variables!F37+18875.59*dummy_variables!G37+19293.73*dummy_variables!H37+41615.6*dummy_variables!I37+18404.23*dummy_variables!J37+29423.23*dummy_variables!K37 -> 806060.24 | F36: =D36-E36 -> -5080.4607
A37: STR-1009 | B37: North | C37: Residential | D37: 798952.17 | E37: =48902.8015+1.1916*cleaned_data!E36+33.6481*cleaned_data!F36-47714.01*cleaned_data!G36+3060.02*cleaned_data!I36+12599.55*cleaned_data!L36+13910.89*cleaned_data!K36+6379.19*dummy_variables!F36+18875.59*dummy_variables!G36+19293.73*dummy_variables!H36+41615.6*dummy_variables!I36+18404.23*dummy_variables!J36+29423.23*dummy_variables!K36 -> 785959.89 | F37: =D37-E37 -> 12992.282
A38: STR-1010 | B38: North | C38: Mall | D38: 718330.53 | E38: =48902.8015+1.1916*cleaned_data!E39+33.6481*cleaned_data!F39-47714.01*cleaned_data!G39+3060.02*cleaned_data!I39+12599.55*cleaned_data!L39+13910.89*cleaned_data!K39+6379.19*dummy_variables!F39+18875.59*dummy_variables!G39+19293.73*dummy_variables!H39+41615.6*dummy_variables!I39+18404.23*dummy_variables!J39+29423.23*dummy_variables!K39 -> 756829.92 | F38: =D38-E38 -> -38499.388
A39: STR-1010 | B39: North | C39: Mall | D39: 736633.4 | E39: =48902.8015+1.1916*cleaned_data!E40+33.6481*cleaned_data!F40-47714.01*cleaned_data!G40+3060.02*cleaned_data!I40+12599.55*cleaned_data!L40+13910.89*cleaned_data!K40+6379.19*dummy_variables!F40+18875.59*dummy_variables!G40+19293.73*dummy_variables!H40+41615.6*dummy_variables!I40+18404.23*dummy_variables!J40+29423.23*dummy_variables!K40 -> 745051.75 | F39: =D39-E39 -> -8418.3471
A40: STR-1010 | B40: North | C40: Mall | D40: 828623.85 | E40: =48902.8015+1.1916*cleaned_data!E41+33.6481*cleaned_data!F41-47714.01*cleaned_data!G41+3060.02*cleaned_data!I41+12599.55*cleaned_data!L41+13910.89*cleaned_data!K41+6379.19*dummy_variables!F41+18875.59*dummy_variables!G41+19293.73*dummy_variables!H41+41615.6*dummy_variables!I41+18404.23*dummy_variables!J41+29423.23*dummy_variables!K41 -> 829750.78 | F40: =D40-E40 -> -1126.9261
A41: STR-1010 | B41: North | C41: Mall | D41: 820593.93 | E41: =48902.8015+1.1916*cleaned_data!E38+33.6481*cleaned_data!F38-47714.01*cleaned_data!G38+3060.02*cleaned_data!I38+12599.55*cleaned_data!L38+13910.89*cleaned_data!K38+6379.19*dummy_variables!F38+18875.59*dummy_variables!G38+19293.73*dummy_variables!H38+41615.6*dummy_variables!I38+18404.23*dummy_variables!J38+29423.23*dummy_variables!K38 -> 788505.68 | F41: =D41-E41 -> 32088.251
A42: STR-1011 | B42: East | C42: Mall | D42: 592195.85 | E42: =48902.8015+1.1916*cleaned_data!E42+33.6481*cleaned_data!F42-47714.01*cleaned_data!G42+3060.02*cleaned_data!I42+12599.55*cleaned_data!L42+13910.89*cleaned_data!K42+6379.19*dummy_variables!F42+18875.59*dummy_variables!G42+19293.73*dummy_variables!H42+41615.6*dummy_variables!I42+18404.23*dummy_variables!J42+29423.23*dummy_variables!K42 -> 586043.99 | F42: =D42-E42 -> 6151.8634
A43: STR-1011 | B43: East | C43: Mall | D43: 605178 | E43: =48902.8015+1.1916*cleaned_data!E45+33.6481*cleaned_data!F45-47714.01*cleaned_data!G45+3060.02*cleaned_data!I45+12599.55*cleaned_data!L45+13910.89*cleaned_data!K45+6379.19*dummy_variables!F45+18875.59*dummy_variables!G45+19293.73*dummy_variables!H45+41615.6*dummy_variables!I45+18404.23*dummy_variables!J45+29423.23*dummy_variables!K45 -> 598867.27 | F43: =D43-E43 -> 6310.7305
A44: STR-1011 | B44: East | C44: Mall | D44: 532644.46 | E44: =48902.8015+1.1916*cleaned_data!E43+33.6481*cleaned_data!F43-47714.01*cleaned_data!G43+3060.02*cleaned_data!I43+12599.55*cleaned_data!L43+13910.89*cleaned_data!K43+6379.19*dummy_variables!F43+18875.59*dummy_variables!G43+19293.73*dummy_variables!H43+41615.6*dummy_variables!I43+18404.23*dummy_variables!J43+29423.23*dummy_variables!K43 -> 521210.09 | F44: =D44-E44 -> 11434.37
A45: STR-1011 | B45: East | C45: Mall | D45: 657429.18 | E45: =48902.8015+1.1916*cleaned_data!E44+33.6481*cleaned_data!F44-47714.01*cleaned_data!G44+3060.02*cleaned_data!I44+12599.55*cleaned_data!L44+13910.89*cleaned_data!K44+6379.19*dummy_variables!F44+18875.59*dummy_variables!G44+19293.73*dummy_variables!H44+41615.6*dummy_variables!I44+18404.23*dummy_variables!J44+29423.23*dummy_variables!K44 -> 600600.3 | F45: =D45-E45 -> 56828.875
A46: STR-1012 | B46: West | C46: Residential | D46: 595467.6 | E46: =48902.8015+1.1916*cleaned_data!E46+33.6481*cleaned_data!F46-47714.01*cleaned_data!G46+3060.02*cleaned_data!I46+12599.55*cleaned_data!L46+13910.89*cleaned_data!K46+6379.19*dummy_variables!F46+18875.59*dummy_variables!G46+19293.73*dummy_variables!H46+41615.6*dummy_variables!I46+18404.23*dummy_variables!J46+29423.23*dummy_variables!K46 -> 714125.72 | F46: =D46-E46 -> -118658.12
A47: STR-1012 | B47: West | C47: Residential | D47: 599603.4 | E47: =48902.8015+1.1916*cleaned_data!E47+33.6481*cleaned_data!F47-47714.01*cleaned_data!G47+3060.02*cleaned_data!I47+12599.55*cleaned_data!L47+13910.89*cleaned_data!K47+6379.19*dummy_variables!F47+18875.59*dummy_variables!G47+19293.73*dummy_variables!H47+41615.6*dummy_variables!I47+18404.23*dummy_variables!J47+29423.23*dummy_variables!K47 -> 628692.42 | F47: =D47-E47 -> -29089.02
A48: STR-1012 | B48: West | C48: Residential | D48: 585365.73 | E48: =48902.8015+1.1916*cleaned_data!E49+33.6481*cleaned_data!F49-47714.01*cleaned_data!G49+3060.02*cleaned_data!I49+12599.55*cleaned_data!L49+13910.89*cleaned_data!K49+6379.19*dummy_variables!F49+18875.59*dummy_variables!G49+19293.73*dummy_variables!H49+41615.6*dummy_variables!I49+18404.23*dummy_variables!J49+29423.23*dummy_variables!K49 -> 558902.51 | F48: =D48-E48 -> 26463.216
A49: STR-1012 | B49: West | C49: Residential | D49: 614800.09 | E49: =48902.8015+1.1916*cleaned_data!E48+33.6481*cleaned_data!F48-47714.01*cleaned_data!G48+3060.02*cleaned_data!I48+12599.55*cleaned_data!L48+13910.89*cleaned_data!K48+6379.19*dummy_variables!F48+18875.59*dummy_variables!G48+19293.73*dummy_variables!H48+41615.6*dummy_variables!I48+18404.23*dummy_variables!J48+29423.23*dummy_variables!K48 -> 582819.5 | F49: =D49-E49 -> 31980.588
A50: STR-1013 | B50: North | C50: Mall | D50: 622811.74 | E50: =48902.8015+1.1916*cleaned_data!E50+33.6481*cleaned_data!F50-47714.01*cleaned_data!G50+3060.02*cleaned_data!I50+12599.55*cleaned_data!L50+13910.89*cleaned_data!K50+6379.19*dummy_variables!F50+18875.59*dummy_variables!G50+19293.73*dummy_variables!H50+41615.6*dummy_variables!I50+18404.23*dummy_variables!J50+29423.23*dummy_variables!K50 -> 677670.24 | F50: =D50-E50 -> -54858.496
A51: STR-1013 | B51: North | C51: Mall | D51: 603297.57 | E51: =48902.8015+1.1916*cleaned_data!E51+33.6481*cleaned_data!F51-47714.01*cleaned_data!G51+3060.02*cleaned_data!I51+12599.55*cleaned_data!L51+13910.89*cleaned_data!K51+6379.19*dummy_variables!F51+18875.59*dummy_variables!G51+19293.73*dummy_variables!H51+41615.6*dummy_variables!I51+18404.23*dummy_variables!J51+29423.23*dummy_variables!K51 -> 595807.49 | F51: =D51-E51 -> 7490.0832
A52: STR-1013 | B52: North | C52: Mall | D52: 625672.86 | E52: =48902.8015+1.1916*cleaned_data!E52+33.6481*cleaned_data!F52-47714.01*cleaned_data!G52+3060.02*cleaned_data!I52+12599.55*cleaned_data!L52+13910.89*cleaned_data!K52+6379.19*dummy_variables!F52+18875.59*dummy_variables!G52+19293.73*dummy_variables!H52+41615.6*dummy_variables!I52+18404.23*dummy_variables!J52+29423.23*dummy_variables!K52 -> 617874.61 | F52: =D52-E52 -> 7798.2505
A53: STR-1013 | B53: North | C53: Mall | D53: 773815.14 | E53: =48902.8015+1.1916*cleaned_data!E53+33.6481*cleaned_data!F53-47714.01*cleaned_data!G53+3060.02*cleaned_data!I53+12599.55*cleaned_data!L53+13910.89*cleaned_data!K53+6379.19*dummy_variables!F53+18875.59*dummy_variables!G53+19293.73*dummy_variables!H53+41615.6*dummy_variables!I53+18404.23*dummy_variables!J53+29423.23*dummy_variables!K53 -> 746723.88 | F53: =D53-E53 -> 27091.261
A54: STR-1014 | B54: West | C54: High Street | D54: 463534.25 | E54: =48902.8015+1.1916*cleaned_data!E54+33.6481*cleaned_data!F54-47714.01*cleaned_data!G54+3060.02*cleaned_data!I54+12599.55*cleaned_data!L54+13910.89*cleaned_data!K54+6379.19*dummy_variables!F54+18875.59*dummy_variables!G54+19293.73*dummy_variables!H54+41615.6*dummy_variables!I54+18404.23*dummy_variables!J54+29423.23*dummy_variables!K54 -> 563052.92 | F54: =D54-E54 -> -99518.666
A55: STR-1014 | B55: West | C55: High Street | D55: 487464.91 | E55: =48902.8015+1.1916*cleaned_data!E57+33.6481*cleaned_data!F57-47714.01*cleaned_data!G57+3060.02*cleaned_data!I57+12599.55*cleaned_data!L57+13910.89*cleaned_data!K57+6379.19*dummy_variables!F57+18875.59*dummy_variables!G57+19293.73*dummy_variables!H57+41615.6*dummy_variables!I57+18404.23*dummy_variables!J57+29423.23*dummy_variables!K57 -> 537172.82 | F55: =D55-E55 -> -49707.91
A56: STR-1014 | B56: West | C56: High Street | D56: 746677.75 | E56: =48902.8015+1.1916*cleaned_data!E55+33.6481*cleaned_data!F55-47714.01*cleaned_data!G55+3060.02*cleaned_data!I55+12599.55*cleaned_data!L55+13910.89*cleaned_data!K55+6379.19*dummy_variables!F55+18875.59*dummy_variables!G55+19293.73*dummy_variables!H55+41615.6*dummy_variables!I55+18404.23*dummy_variables!J55+29423.23*dummy_variables!K55 -> 721837.58 | F56: =D56-E56 -> 24840.165
A57: STR-1014 | B57: West | C57: High Street | D57: 720852.5 | E57: =48902.8015+1.1916*cleaned_data!E56+33.6481*cleaned_data!F56-47714.01*cleaned_data!G56+3060.02*cleaned_data!I56+12599.55*cleaned_data!L56+13910.89*cleaned_data!K56+6379.19*dummy_variables!F56+18875.59*dummy_variables!G56+19293.73*dummy_variables!H56+41615.6*dummy_variables!I56+18404.23*dummy_variables!J56+29423.23*dummy_variables!K56 -> 687358.38 | F57: =D57-E57 -> 33494.121
A58: STR-1015 | B58: East | C58: Airport | D58: 553756.43 | E58: =48902.8015+1.1916*cleaned_data!E61+33.6481*cleaned_data!F61-47714.01*cleaned_data!G61+3060.02*cleaned_data!I61+12599.55*cleaned_data!L61+13910.89*cleaned_data!K61+6379.19*dummy_variables!F61+18875.59*dummy_variables!G61+19293.73*dummy_variables!H61+41615.6*dummy_variables!I61+18404.23*dummy_variables!J61+29423.23*dummy_variables!K61 -> 606680.57 | F58: =D58-E58 -> -52924.139
A59: STR-1015 | B59: East | C59: Airport | D59: 617291.15 | E59: =48902.8015+1.1916*cleaned_data!E60+33.6481*cleaned_data!F60-47714.01*cleaned_data!G60+3060.02*cleaned_data!I60+12599.55*cleaned_data!L60+13910.89*cleaned_data!K60+6379.19*dummy_variables!F60+18875.59*dummy_variables!G60+19293.73*dummy_variables!H60+41615.6*dummy_variables!I60+18404.23*dummy_variables!J60+29423.23*dummy_variables!K60 -> 666594.32 | F59: =D59-E59 -> -49303.165
A60: STR-1015 | B60: East | C60: Airport | D60: 500298.48 | E60: =48902.8015+1.1916*cleaned_data!E59+33.6481*cleaned_data!F59-47714.01*cleaned_data!G59+3060.02*cleaned_data!I59+12599.55*cleaned_data!L59+13910.89*cleaned_data!K59+6379.19*dummy_variables!F59+18875.59*dummy_variables!G59+19293.73*dummy_variables!H59+41615.6*dummy_variables!I59+18404.23*dummy_variables!J59+29423.23*dummy_variables!K59 -> 523250.19 | F60: =D60-E60 -> -22951.71
A61: STR-1015 | B61: East | C61: Airport | D61: 518049.26 | E61: =48902.8015+1.1916*cleaned_data!E58+33.6481*cleaned_data!F58-47714.01*cleaned_data!G58+3060.02*cleaned_data!I58+12599.55*cleaned_data!L58+13910.89*cleaned_data!K58+6379.19*dummy_variables!F58+18875.59*dummy_variables!G58+19293.73*dummy_variables!H58+41615.6*dummy_variables!I58+18404.23*dummy_variables!J58+29423.23*dummy_variables!K58 -> 527797.31 | F61: =D61-E61 -> -9748.0498
A62: STR-1016 | B62: South | C62: High Street | D62: 572011.2 | E62: =48902.8015+1.1916*cleaned_data!E64+33.6481*cleaned_data!F64-47714.01*cleaned_data!G64+3060.02*cleaned_data!I64+12599.55*cleaned_data!L64+13910.89*cleaned_data!K64+6379.19*dummy_variables!F64+18875.59*dummy_variables!G64+19293.73*dummy_variables!H64+41615.6*dummy_variables!I64+18404.23*dummy_variables!J64+29423.23*dummy_variables!K64 -> 583159.12 | F62: =D62-E62 -> -11147.917
A63: STR-1016 | B63: South | C63: High Street | D63: 761860.19 | E63: =48902.8015+1.1916*cleaned_data!E65+33.6481*cleaned_data!F65-47714.01*cleaned_data!G65+3060.02*cleaned_data!I65+12599.55*cleaned_data!L65+13910.89*cleaned_data!K65+6379.19*dummy_variables!F65+18875.59*dummy_variables!G65+19293.73*dummy_variables!H65+41615.6*dummy_variables!I65+18404.23*dummy_variables!J65+29423.23*dummy_variables!K65 -> 718538.48 | F63: =D63-E63 -> 43321.71
A64: STR-1016 | B64: South | C64: High Street | D64: 615966.48 | E64: =48902.8015+1.1916*cleaned_data!E63+33.6481*cleaned_data!F63-47714.01*cleaned_data!G63+3060.02*cleaned_data!I63+12599.55*cleaned_data!L63+13910.89*cleaned_data!K63+6379.19*dummy_variables!F63+18875.59*dummy_variables!G63+19293.73*dummy_variables!H63+41615.6*dummy_variables!I63+18404.23*dummy_variables!J63+29423.23*dummy_variables!K63 -> 571819.94 | F64: =D64-E64 -> 44146.538
A65: STR-1016 | B65: South | C65: High Street | D65: 749559.71 | E65: =48902.8015+1.1916*cleaned_data!E62+33.6481*cleaned_data!F62-47714.01*cleaned_data!G62+3060.02*cleaned_data!I62+12599.55*cleaned_data!L62+13910.89*cleaned_data!K62+6379.19*dummy_variables!F62+18875.59*dummy_variables!G62+19293.73*dummy_variables!H62+41615.6*dummy_variables!I62+18404.23*dummy_variables!J62+29423.23*dummy_variables!K62 -> 690177.77 | F65: =D65-E65 -> 59381.943
A66: STR-1017 | B66: West | C66: High Street | D66: 685379.08 | E66: =48902.8015+1.1916*cleaned_data!E68+33.6481*cleaned_data!F68-47714.01*cleaned_data!G68+3060.02*cleaned_data!I68+12599.55*cleaned_data!L68+13910.89*cleaned_data!K68+6379.19*dummy_variables!F68+18875.59*dummy_variables!G68+19293.73*dummy_variables!H68+41615.6*dummy_variables!I68+18404.23*dummy_variables!J68+29423.23*dummy_variables!K68 -> 857418.08 | F66: =D66-E66 -> -172039
A67: STR-1017 | B67: West | C67: High Street | D67: 784502.68 | E67: =48902.8015+1.1916*cleaned_data!E66+33.6481*cleaned_data!F66-47714.01*cleaned_data!G66+3060.02*cleaned_data!I66+12599.55*cleaned_data!L66+13910.89*cleaned_data!K66+6379.19*dummy_variables!F66+18875.59*dummy_variables!G66+19293.73*dummy_variables!H66+41615.6*dummy_variables!I66+18404.23*dummy_variables!J66+29423.23*dummy_variables!K66 -> 821433.98 | F67: =D67-E67 -> -36931.295
A68: STR-1017 | B68: West | C68: High Street | D68: 717141.55 | E68: =48902.8015+1.1916*cleaned_data!E67+33.6481*cleaned_data!F67-47714.01*cleaned_data!G67+3060.02*cleaned_data!I67+12599.55*cleaned_data!L67+13910.89*cleaned_data!K67+6379.19*dummy_variables!F67+18875.59*dummy_variables!G67+19293.73*dummy_variables!H67+41615.6*dummy_variables!I67+18404.23*dummy_variables!J67+29423.23*dummy_variables!K67 -> 738130.31 | F68: =D68-E68 -> -20988.765
A69: STR-1017 | B69: West | C69: High Street | D69: 740496.65 | E69: =48902.8015+1.1916*cleaned_data!E69+33.6481*cleaned_data!F69-47714.01*cleaned_data!G69+3060.02*cleaned_data!I69+12599.55*cleaned_data!L69+13910.89*cleaned_data!K69+6379.19*dummy_variables!F69+18875.59*dummy_variables!G69+19293.73*dummy_variables!H69+41615.6*dummy_variables!I69+18404.23*dummy_variables!J69+29423.23*dummy_variables!K69 -> 734075.72 | F69: =D69-E69 -> 6420.9306
A70: STR-1018 | B70: East | C70: High Street | D70: 479050.5 | E70: =48902.8015+1.1916*cleaned_data!E71+33.6481*cleaned_data!F71-47714.01*cleaned_data!G71+3060.02*cleaned_data!I71+12599.55*cleaned_data!L71+13910.89*cleaned_data!K71+6379.19*dummy_variables!F71+18875.59*dummy_variables!G71+19293.73*dummy_variables!H71+41615.6*dummy_variables!I71+18404.23*dummy_variables!J71+29423.23*dummy_variables!K71 -> 489307.43 | F70: =D70-E70 -> -10256.929
A71: STR-1018 | B71: East | C71: High Street | D71: 605023.87 | E71: =48902.8015+1.1916*cleaned_data!E72+33.6481*cleaned_data!F72-47714.01*cleaned_data!G72+3060.02*cleaned_data!I72+12599.55*cleaned_data!L72+13910.89*cleaned_data!K72+6379.19*dummy_variables!F72+18875.59*dummy_variables!G72+19293.73*dummy_variables!H72+41615.6*dummy_variables!I72+18404.23*dummy_variables!J72+29423.23*dummy_variables!K72 -> 580783.68 | F71: =D71-E71 -> 24240.194
A72: STR-1018 | B72: East | C72: High Street | D72: 674774.09 | E72: =48902.8015+1.1916*cleaned_data!E73+33.6481*cleaned_data!F73-47714.01*cleaned_data!G73+3060.02*cleaned_data!I73+12599.55*cleaned_data!L73+13910.89*cleaned_data!K73+6379.19*dummy_variables!F73+18875.59*dummy_variables!G73+19293.73*dummy_variables!H73+41615.6*dummy_variables!I73+18404.23*dummy_variables!J73+29423.23*dummy_variables!K73 -> 629164.05 | F72: =D72-E72 -> 45610.039
A73: STR-1018 | B73: East | C73: High Street | D73: 661927.14 | E73: =48902.8015+1.1916*cleaned_data!E70+33.6481*cleaned_data!F70-47714.01*cleaned_data!G70+3060.02*cleaned_data!I70+12599.55*cleaned_data!L70+13910.89*cleaned_data!K70+6379.19*dummy_variables!F70+18875.59*dummy_variables!G70+19293.73*dummy_variables!H70+41615.6*dummy_variables!I70+18404.23*dummy_variables!J70+29423.23*dummy_variables!K70 -> 593598.27 | F73: =D73-E73 -> 68328.866
A74: STR-1019 | B74: East | C74: Residential | D74: 630829.94 | E74: =48902.8015+1.1916*cleaned_data!E75+33.6481*cleaned_data!F75-47714.01*cleaned_data!G75+3060.02*cleaned_data!I75+12599.55*cleaned_data!L75+13910.89*cleaned_data!K75+6379.19*dummy_variables!F75+18875.59*dummy_variables!G75+19293.73*dummy_variables!H75+41615.6*dummy_variables!I75+18404.23*dummy_variables!J75+29423.23*dummy_variables!K75 -> 684247.17 | F74: =D74-E74 -> -53417.234
A75: STR-1019 | B75: East | C75: Residential | D75: 680840.36 | E75: =48902.8015+1.1916*cleaned_data!E77+33.6481*cleaned_data!F77-47714.01*cleaned_data!G77+3060.02*cleaned_data!I77+12599.55*cleaned_data!L77+13910.89*cleaned_data!K77+6379.19*dummy_variables!F77+18875.59*dummy_variables!G77+19293.73*dummy_variables!H77+41615.6*dummy_variables!I77+18404.23*dummy_variables!J77+29423.23*dummy_variables!K77 -> 704298.72 | F75: =D75-E75 -> -23458.357
A76: STR-1019 | B76: East | C76: Residential | D76: 616069.41 | E76: =48902.8015+1.1916*cleaned_data!E74+33.6481*cleaned_data!F74-47714.01*cleaned_data!G74+3060.02*cleaned_data!I74+12599.55*cleaned_data!L74+13910.89*cleaned_data!K74+6379.19*dummy_variables!F74+18875.59*dummy_variables!G74+19293.73*dummy_variables!H74+41615.6*dummy_variables!I74+18404.23*dummy_variables!J74+29423.23*dummy_variables!K74 -> 587696.69 | F76: =D76-E76 -> 28372.723
A77: STR-1019 | B77: East | C77: Residential | D77: 788087.68 | E77: =48902.8015+1.1916*cleaned_data!E76+33.6481*cleaned_data!F76-47714.01*cleaned_data!G76+3060.02*cleaned_data!I76+12599.55*cleaned_data!L76+13910.89*cleaned_data!K76+6379.19*dummy_variables!F76+18875.59*dummy_variables!G76+19293.73*dummy_variables!H76+41615.6*dummy_variables!I76+18404.23*dummy_variables!J76+29423.23*dummy_variables!K76 -> 705980.01 | F77: =D77-E77 -> 82107.667
A78: STR-1020 | B78: South | C78: High Street | D78: 643657.47 | E78: =48902.8015+1.1916*cleaned_data!E78+33.6481*cleaned_data!F78-47714.01*cleaned_data!G78+3060.02*cleaned_data!I78+12599.55*cleaned_data!L78+13910.89*cleaned_data!K78+6379.19*dummy_variables!F78+18875.59*dummy_variables!G78+19293.73*dummy_variables!H78+41615.6*dummy_variables!I78+18404.23*dummy_variables!J78+29423.23*dummy_variables!K78 -> 665457.11 | F78: =D78-E78 -> -21799.638
A79: STR-1020 | B79: South | C79: High Street | D79: 636561.34 | E79: =48902.8015+1.1916*cleaned_data!E81+33.6481*cleaned_data!F81-47714.01*cleaned_data!G81+3060.02*cleaned_data!I81+12599.55*cleaned_data!L81+13910.89*cleaned_data!K81+6379.19*dummy_variables!F81+18875.59*dummy_variables!G81+19293.73*dummy_variables!H81+41615.6*dummy_variables!I81+18404.23*dummy_variables!J81+29423.23*dummy_variables!K81 -> 657215.31 | F79: =D79-E79 -> -20653.967
A80: STR-1020 | B80: South | C80: High Street | D80: 691112.6 | E80: =48902.8015+1.1916*cleaned_data!E79+33.6481*cleaned_data!F79-47714.01*cleaned_data!G79+3060.02*cleaned_data!I79+12599.55*cleaned_data!L79+13910.89*cleaned_data!K79+6379.19*dummy_variables!F79+18875.59*dummy_variables!G79+19293.73*dummy_variables!H79+41615.6*dummy_variables!I79+18404.23*dummy_variables!J79+29423.23*dummy_variables!K79 -> 646989.75 | F80: =D80-E80 -> 44122.848
A81: STR-1020 | B81: South | C81: High Street | D81: 776922.17 | E81: =48902.8015+1.1916*cleaned_data!E80+33.6481*cleaned_data!F80-47714.01*cleaned_data!G80+3060.02*cleaned_data!I80+12599.55*cleaned_data!L80+13910.89*cleaned_data!K80+6379.19*dummy_variables!F80+18875.59*dummy_variables!G80+19293.73*dummy_variables!H80+41615.6*dummy_variables!I80+18404.23*dummy_variables!J80+29423.23*dummy_variables!K80 -> 722415.95 | F81: =D81-E81 -> 54506.222
A82: STR-1021 | B82: West | C82: Mall | D82: 621369.58 | E82: =48902.8015+1.1916*cleaned_data!E82+33.6481*cleaned_data!F82-47714.01*cleaned_data!G82+3060.02*cleaned_data!I82+12599.55*cleaned_data!L82+13910.89*cleaned_data!K82+6379.19*dummy_variables!F82+18875.59*dummy_variables!G82+19293.73*dummy_variables!H82+41615.6*dummy_variables!I82+18404.23*dummy_variables!J82+29423.23*dummy_variables!K82 -> 658354.59 | F82: =D82-E82 -> -36985.014
A83: STR-1021 | B83: West | C83: Mall | D83: 569100.78 | E83: =48902.8015+1.1916*cleaned_data!E85+33.6481*cleaned_data!F85-47714.01*cleaned_data!G85+3060.02*cleaned_data!I85+12599.55*cleaned_data!L85+13910.89*cleaned_data!K85+6379.19*dummy_variables!F85+18875.59*dummy_variables!G85+19293.73*dummy_variables!H85+41615.6*dummy_variables!I85+18404.23*dummy_variables!J85+29423.23*dummy_variables!K85 -> 568142.17 | F83: =D83-E83 -> 958.61286
A84: STR-1021 | B84: West | C84: Mall | D84: 682208.01 | E84: =48902.8015+1.1916*cleaned_data!E83+33.6481*cleaned_data!F83-47714.01*cleaned_data!G83+3060.02*cleaned_data!I83+12599.55*cleaned_data!L83+13910.89*cleaned_data!K83+6379.19*dummy_variables!F83+18875.59*dummy_variables!G83+19293.73*dummy_variables!H83+41615.6*dummy_variables!I83+18404.23*dummy_variables!J83+29423.23*dummy_variables!K83 -> 647235.12 | F84: =D84-E84 -> 34972.887
A85: STR-1021 | B85: West | C85: Mall | D85: 727241.86 | E85: =48902.8015+1.1916*cleaned_data!E84+33.6481*cleaned_data!F84-47714.01*cleaned_data!G84+3060.02*cleaned_data!I84+12599.55*cleaned_data!L84+13910.89*cleaned_data!K84+6379.19*dummy_variables!F84+18875.59*dummy_variables!G84+19293.73*dummy_variables!H84+41615.6*dummy_variables!I84+18404.23*dummy_variables!J84+29423.23*dummy_variables!K84 -> 661025.66 | F85: =D85-E85 -> 66216.201
A86: STR-1022 | B86: West | C86: High Street | D86: 611766.72 | E86: =48902.8015+1.1916*cleaned_data!E87+33.6481*cleaned_data!F87-47714.01*cleaned_data!G87+3060.02*cleaned_data!I87+12599.55*cleaned_data!L87+13910.89*cleaned_data!K87+6379.19*dummy_variables!F87+18875.59*dummy_variables!G87+19293.73*dummy_variables!H87+41615.6*dummy_variables!I87+18404.23*dummy_variables!J87+29423.23*dummy_variables!K87 -> 647242.35 | F86: =D86-E86 -> -35475.627
A87: STR-1022 | B87: West | C87: High Street | D87: 450711.92 | E87: =48902.8015+1.1916*cleaned_data!E89+33.6481*cleaned_data!F89-47714.01*cleaned_data!G89+3060.02*cleaned_data!I89+12599.55*cleaned_data!L89+13910.89*cleaned_data!K89+6379.19*dummy_variables!F89+18875.59*dummy_variables!G89+19293.73*dummy_variables!H89+41615.6*dummy_variables!I89+18404.23*dummy_variables!J89+29423.23*dummy_variables!K89 -> 467058.51 | F87: =D87-E87 -> -16346.589
A88: STR-1022 | B88: West | C88: High Street | D88: 614596.32 | E88: =48902.8015+1.1916*cleaned_data!E88+33.6481*cleaned_data!F88-47714.01*cleaned_data!G88+3060.02*cleaned_data!I88+12599.55*cleaned_data!L88+13910.89*cleaned_data!K88+6379.19*dummy_variables!F88+18875.59*dummy_variables!G88+19293.73*dummy_variables!H88+41615.6*dummy_variables!I88+18404.23*dummy_variables!J88+29423.23*dummy_variables!K88 -> 629455.62 | F88: =D88-E88 -> -14859.297
A89: STR-1022 | B89: West | C89: High Street | D89: 574436.29 | E89: =48902.8015+1.1916*cleaned_data!E86+33.6481*cleaned_data!F86-47714.01*cleaned_data!G86+3060.02*cleaned_data!I86+12599.55*cleaned_data!L86+13910.89*cleaned_data!K86+6379.19*dummy_variables!F86+18875.59*dummy_variables!G86+19293.73*dummy_variables!H86+41615.6*dummy_variables!I86+18404.23*dummy_variables!J86+29423.23*dummy_variables!K86 -> 574517.9 | F89: =D89-E89 -> -81.610396
A90: STR-1023 | B90: South | C90: Mall | D90: 627171.9 | E90: =48902.8015+1.1916*cleaned_data!E91+33.6481*cleaned_data!F91-47714.01*cleaned_data!G91+3060.02*cleaned_data!I91+12599.55*cleaned_data!L91+13910.89*cleaned_data!K91+6379.19*dummy_variables!F91+18875.59*dummy_variables!G91+19293.73*dummy_variables!H91+41615.6*dummy_variables!I91+18404.23*dummy_variables!J91+29423.23*dummy_variables!K91 -> 769860.2 | F90: =D90-E90 -> -142688.3
A91: STR-1023 | B91: South | C91: Mall | D91: 739852.58 | E91: =48902.8015+1.1916*cleaned_data!E92+33.6481*cleaned_data!F92-47714.01*cleaned_data!G92+3060.02*cleaned_data!I92+12599.55*cleaned_data!L92+13910.89*cleaned_data!K92+6379.19*dummy_variables!F92+18875.59*dummy_variables!G92+19293.73*dummy_variables!H92+41615.6*dummy_variables!I92+18404.23*dummy_variables!J92+29423.23*dummy_variables!K92 -> 734755.26 | F91: =D91-E91 -> 5097.3231
A92: STR-1023 | B92: South | C92: Mall | D92: 711213.46 | E92: =48902.8015+1.1916*cleaned_data!E90+33.6481*cleaned_data!F90-47714.01*cleaned_data!G90+3060.02*cleaned_data!I90+12599.55*cleaned_data!L90+13910.89*cleaned_data!K90+6379.19*dummy_variables!F90+18875.59*dummy_variables!G90+19293.73*dummy_variables!H90+41615.6*dummy_variables!I90+18404.23*dummy_variables!J90+29423.23*dummy_variables!K90 -> 700281.98 | F92: =D92-E92 -> 10931.484
A93: STR-1023 | B93: South | C93: Mall | D93: 586307.22 | E93: =48902.8015+1.1916*cleaned_data!E93+33.6481*cleaned_data!F93-47714.01*cleaned_data!G93+3060.02*cleaned_data!I93+12599.55*cleaned_data!L93+13910.89*cleaned_data!K93+6379.19*dummy_variables!F93+18875.59*dummy_variables!G93+19293.73*dummy_variables!H93+41615.6*dummy_variables!I93+18404.23*dummy_variables!J93+29423.23*dummy_variables!K93 -> 570230.17 | F93: =D93-E93 -> 16077.055
A94: STR-1024 | B94: West | C94: Residential | D94: 607898.12 | E94: =48902.8015+1.1916*cleaned_data!E97+33.6481*cleaned_data!F97-47714.01*cleaned_data!G97+3060.02*cleaned_data!I97+12599.55*cleaned_data!L97+13910.89*cleaned_data!K97+6379.19*dummy_variables!F97+18875.59*dummy_variables!G97+19293.73*dummy_variables!H97+41615.6*dummy_variables!I97+18404.23*dummy_variables!J97+29423.23*dummy_variables!K97 -> 624479.58 | F94: =D94-E94 -> -16581.462
A95: STR-1024 | B95: West | C95: Residential | D95: 585937.48 | E95: =48902.8015+1.1916*cleaned_data!E94+33.6481*cleaned_data!F94-47714.01*cleaned_data!G94+3060.02*cleaned_data!I94+12599.55*cleaned_data!L94+13910.89*cleaned_data!K94+6379.19*dummy_variables!F94+18875.59*dummy_variables!G94+19293.73*dummy_variables!H94+41615.6*dummy_variables!I94+18404.23*dummy_variables!J94+29423.23*dummy_variables!K94 -> 593817.64 | F95: =D95-E95 -> -7880.1571
A96: STR-1024 | B96: West | C96: Residential | D96: 753473.55 | E96: =48902.8015+1.1916*cleaned_data!E95+33.6481*cleaned_data!F95-47714.01*cleaned_data!G95+3060.02*cleaned_data!I95+12599.55*cleaned_data!L95+13910.89*cleaned_data!K95+6379.19*dummy_variables!F95+18875.59*dummy_variables!G95+19293.73*dummy_variables!H95+41615.6*dummy_variables!I95+18404.23*dummy_variables!J95+29423.23*dummy_variables!K95 -> 701349.74 | F96: =D96-E96 -> 52123.812
A97: STR-1024 | B97: West | C97: Residential | D97: 838250.32 | E97: =48902.8015+1.1916*cleaned_data!E96+33.6481*cleaned_data!F96-47714.01*cleaned_data!G96+3060.02*cleaned_data!I96+12599.55*cleaned_data!L96+13910.89*cleaned_data!K96+6379.19*dummy_variables!F96+18875.59*dummy_variables!G96+19293.73*dummy_variables!H96+41615.6*dummy_variables!I96+18404.23*dummy_variables!J96+29423.23*dummy_variables!K96 -> 778246.65 | F97: =D97-E97 -> 60003.666
A98: STR-1025 | B98: West | C98: Mall | D98: 605775.33 | E98: =48902.8015+1.1916*cleaned_data!E100+33.6481*cleaned_data!F100-47714.01*cleaned_data!G100+3060.02*cleaned_data!I100+12599.55*cleaned_data!L100+13910.89*cleaned_data!K100+6379.19*dummy_variables!F100+18875.59*dummy_variables!G100+19293.73*dummy_variables!H100+41615.6*dummy_variables!I100+18404.23*dummy_variables!J100+29423.23*dummy_variables!K100 -> 627430.75 | F98: =D98-E98 -> -21655.423
A99: STR-1025 | B99: West | C99: Mall | D99: 691113.62 | E99: =48902.8015+1.1916*cleaned_data!E98+33.6481*cleaned_data!F98-47714.01*cleaned_data!G98+3060.02*cleaned_data!I98+12599.55*cleaned_data!L98+13910.89*cleaned_data!K98+6379.19*dummy_variables!F98+18875.59*dummy_variables!G98+19293.73*dummy_variables!H98+41615.6*dummy_variables!I98+18404.23*dummy_variables!J98+29423.23*dummy_variables!K98 -> 711733.14 | F99: =D99-E99 -> -20619.524
A100: STR-1025 | B100: West | C100: Mall | D100: 675177.68 | E100: =48902.8015+1.1916*cleaned_data!E101+33.6481*cleaned_data!F101-47714.01*cleaned_data!G101+3060.02*cleaned_data!I101+12599.55*cleaned_data!L101+13910.89*cleaned_data!K101+6379.19*dummy_variables!F101+18875.59*dummy_variables!G101+19293.73*dummy_variables!H101+41615.6*dummy_variables!I101+18404.23*dummy_variables!J101+29423.23*dummy_variables!K101 -> 665855.74 | F100: =D100-E100 -> 9321.9395
...

Sheet model_comparison
A1: Model | B1: Variables Used | C1: R-squared | D1: Adj R-squared | E1: Significant Variables | F1: Business Usefulness
A2: Simple 1 | B2: marketing_spend | C2: 0.167 | D2: 0.165 | E2: marketing_spend | F2: Low
A3: Simple 2 | B3: footfall | C3: 0.736 | D3: 0.735 | E3: footfall | F3: High
A4: Simple 3 | B4: avg_discount_pct | C4: 0.008 | D4: 0.005 | E4: None | F4: None
A5: Multiple | B5: All predictors | C5: 0.834 | D5: 0.828 | E5: marketing, footfall, inventory, rating, holiday, region_South, region_West, store_type_Airport, store_type_High Street, store_type_Mall | F5: Very High

Sheet top_residuals
A2: Top 5 And Bottom 5 Residuals
A3: Store | B3: Region | C3: store_type | D3: Actual | E3: Predicted_sales | F3: Residual | G3: Type
A4: STR-1028 | B4: East | C4: Mall | D4: 713611.16 | E4: 599887.27 | F4: 113723.89 | G4: =IF(F4>0, "POSITIVE (Under-Predicted)", "NEGATIVE (Over-Predicted)") -> POSITIVE (Under-Predicted)
A5: STR-1073 | B5: East | C5: Residential | D5: 813316.71 | E5: 716945.97 | F5: 96370.74 | G5: =IF(F5>0, "POSITIVE (Under-Predicted)", "NEGATIVE (Over-Predicted)") -> POSITIVE (Under-Predicted)
A6: STR-1050 | B6: North | C6: Residential | D6: 735786.64 | E6: 642886.31 | F6: 92900.33 | G6: =IF(F6>0, "POSITIVE (Under-Predicted)", "NEGATIVE (Over-Predicted)") -> POSITIVE (Under-Predicted)
A7: STR-1069 | B7: West | C7: High Street | D7: 686737.87 | E7: 593995.25 | F7: 92742.62 | G7: =IF(F7>0, "POSITIVE (Under-Predicted)", "NEGATIVE (Over-Predicted)") -> POSITIVE (Under-Predicted)
A8: STR-1030 | B8: West | C8: Residential | D8: 820519.04 | E8: 729695.55 | F8: 90823.49 | G8: =IF(F8>0, "POSITIVE (Under-Predicted)", "NEGATIVE (Over-Predicted)") -> POSITIVE (Under-Predicted)
A9: STR-1017 | B9: West | C9: High Street | D9: 685379.08 | E9: 857418.08 | F9: -172039 | G9: =IF(F9>0, "POSITIVE (Under-Predicted)", "NEGATIVE (Over-Predicted)") -> NEGATIVE (Over-Predicted)
A10: STR-1023 | B10: South | C10: Mall | D10: 627171.9 | E10: 769860.2 | F10: -142688.3 | G10: =IF(F10>0, "POSITIVE (Under-Predicted)", "NEGATIVE (Over-Predicted)") -> NEGATIVE (Over-Predicted)
A11: STR-1012 | B11: West | C11: Residential | D11: 595467.6 | E11: 714125.72 | F11: -118658.12 | G11: =IF(F11>0, "POSITIVE (Under-Predicted)", "NEGATIVE (Over-Predicted)") -> NEGATIVE (Over-Predicted)
A12: STR-1007 | B12: West | C12: Mall | D12: 800451.94 | E12: 909678.69 | F12: -109226.75 | G12: =IF(F12>0, "POSITIVE (Under-Predicted)", "NEGATIVE (Over-Predicted)") -> NEGATIVE (Over-Predicted)
A13: STR-1014 | B13: West | C13: High Street | D13: 463534.25 | E13: 563052.92 | F13: -99518.67 | G13: =IF(F13>0, "POSITIVE (Under-Predicted)", "NEGATIVE (Over-Predicted)") -> NEGATIVE (Over-Predicted)
